scenario_id,scenario_name,country,year,expenditure_reduction_pct,mechanism,bunching_risk,source_doc
SC-AT-2025,Austria 2025 baseline carbon-electricity expenditure reduction,Austria,2025,8.5,settlement_deduction,low,2603.25874v1.pdf
SC-DE-2025,Germany 2025 baseline carbon-electricity expenditure reduction,Germany,2025,4.7,settlement_deduction,low,2603.25874v1.pdf
SC-HARD-THRESHOLD,Hard price threshold activation rule,EU,2025,0.0,hard_threshold,high,2603.25874v1.pdf
SC-LINEAR-RAMP,Linear phase-in ramp of the deduction,EU,2025,0.0,linear_ramp,low,2603.25874v1.pdf
SC-SETTLEMENT,Proposed settlement deduction rule for carbon-cost pass-through,EU,2025,0.0,settlement_deduction,low,2603.25874v1.pdf
SC-SYN-0001,Synthetic electricity-carbon scenario 0001 (Germany 2021),Germany,2021,0.0,hard_threshold,medium,2603.25874v1.pdf
SC-SYN-0002,Synthetic electricity-carbon scenario 0002 (France 2022),France,2022,0.0,linear_ramp,high,2603.25874v1.pdf
SC-SYN-0003,Synthetic electricity-carbon scenario 0003 (Spain 2023),Spain,2023,3.43,capacity_market_offset,low,2603.25874v1.pdf
SC-SYN-0004,Synthetic electricity-carbon scenario 0004 (Italy 2024),Italy,2024,7.56,green_certificate,medium,2603.25874v1.pdf
SC-SYN-0005,Synthetic electricity-carbon scenario 0005 (Poland 2025),Poland,2025,10.47,settlement_deduction,high,2603.25874v1.pdf
SC-SYN-0006,Synthetic electricity-carbon scenario 0006 (EU 2026),EU,2026,0.0,hard_threshold,low,2603.25874v1.pdf
SC-SYN-0007,Synthetic electricity-carbon scenario 0007 (Netherlands 2027),Netherlands,2027,0.0,linear_ramp,medium,2603.25874v1.pdf
SC-SYN-0008,Synthetic electricity-carbon scenario 0008 (Belgium 2028),Belgium,2028,11.5,capacity_market_offset,high,2603.25874v1.pdf
SC-SYN-0009,Synthetic electricity-carbon scenario 0009 (Austria 2029),Austria,2029,9.3,green_certificate,low,2603.25874v1.pdf
SC-SYN-0010,Synthetic electricity-carbon scenario 0010 (Germany 2020),Germany,2020,8.32,settlement_deduction,medium,2603.25874v1.pdf
SC-SYN-0011,Synthetic electricity-carbon scenario 0011 (France 2021),France,2021,0.0,hard_threshold,high,2603.25874v1.pdf
SC-SYN-0012,Synthetic electricity-carbon scenario 0012 (Spain 2022),Spain,2022,0.0,linear_ramp,low,2603.25874v1.pdf
SC-SYN-0013,Synthetic electricity-carbon scenario 0013 (Italy 2023),Italy,2023,3.21,capacity_market_offset,medium,2603.25874v1.pdf
SC-SYN-0014,Synthetic electricity-carbon scenario 0014 (Poland 2024),Poland,2024,2.2,green_certificate,high,2603.25874v1.pdf
SC-SYN-0015,Synthetic electricity-carbon scenario 0015 (EU 2025),EU,2025,2.79,settlement_deduction,low,2603.25874v1.pdf
SC-SYN-0016,Synthetic electricity-carbon scenario 0016 (Netherlands 2026),Netherlands,2026,0.0,hard_threshold,medium,2603.25874v1.pdf
SC-SYN-0017,Synthetic electricity-carbon scenario 0017 (Belgium 2027),Belgium,2027,0.0,linear_ramp,high,2603.25874v1.pdf
SC-SYN-0018,Synthetic electricity-carbon scenario 0018 (Austria 2028),Austria,2028,4.85,capacity_market_offset,low,2603.25874v1.pdf
SC-SYN-0019,Synthetic electricity-carbon scenario 0019 (Germany 2029),Germany,2029,1.33,green_certificate,medium,2603.25874v1.pdf
SC-SYN-0020,Synthetic electricity-carbon scenario 0020 (France 2020),France,2020,11.87,settlement_deduction,high,2603.25874v1.pdf
SC-SYN-0021,Synthetic electricity-carbon scenario 0021 (Spain 2021),Spain,2021,0.0,hard_threshold,low,2603.25874v1.pdf
SC-SYN-0022,Synthetic electricity-carbon scenario 0022 (Italy 2022),Italy,2022,0.0,linear_ramp,medium,2603.25874v1.pdf
SC-SYN-0023,Synthetic electricity-carbon scenario 0023 (Poland 2023),Poland,2023,2.48,capacity_market_offset,high,2603.25874v1.pdf
SC-SYN-0024,Synthetic electricity-carbon scenario 0024 (EU 2024),EU,2024,0.65,green_certificate,low,2603.25874v1.pdf
SC-SYN-0025,Synthetic electricity-carbon scenario 0025 (Netherlands 2025),Netherlands,2025,1.37,settlement_deduction,medium,2603.25874v1.pdf
SC-SYN-0026,Synthetic electricity-carbon scenario 0026 (Belgium 2026),Belgium,2026,0.0,hard_threshold,high,2603.25874v1.pdf
SC-SYN-0027,Synthetic electricity-carbon scenario 0027 (Austria 2027),Austria,2027,0.0,linear_ramp,low,2603.25874v1.pdf
SC-SYN-0028,Synthetic electricity-carbon scenario 0028 (Germany 2028),Germany,2028,9.02,capacity_market_offset,medium,2603.25874v1.pdf
SC-SYN-0029,Synthetic electricity-carbon scenario 0029 (France 2029),France,2029,8.12,green_certificate,high,2603.25874v1.pdf
SC-SYN-0030,Synthetic electricity-carbon scenario 0030 (Spain 2020),Spain,2020,10.12,settlement_deduction,low,2603.25874v1.pdf
SC-SYN-0031,Synthetic electricity-carbon scenario 0031 (Italy 2021),Italy,2021,0.0,hard_threshold,medium,2603.25874v1.pdf
SC-SYN-0032,Synthetic electricity-carbon scenario 0032 (Poland 2022),Poland,2022,0.0,linear_ramp,high,2603.25874v1.pdf
SC-SYN-0033,Synthetic electricity-carbon scenario 0033 (EU 2023),EU,2023,4.72,capacity_market_offset,low,2603.25874v1.pdf
SC-SYN-0034,Synthetic electricity-carbon scenario 0034 (Netherlands 2024),Netherlands,2024,2.63,green_certificate,medium,2603.25874v1.pdf
SC-SYN-0035,Synthetic electricity-carbon scenario 0035 (Belgium 2025),Belgium,2025,7.39,settlement_deduction,high,2603.25874v1.pdf
SC-SYN-0036,Synthetic electricity-carbon scenario 0036 (Austria 2026),Austria,2026,0.0,hard_threshold,low,2603.25874v1.pdf
SC-SYN-0037,Synthetic electricity-carbon scenario 0037 (Germany 2027),Germany,2027,0.0,linear_ramp,medium,2603.25874v1.pdf
SC-SYN-0038,Synthetic electricity-carbon scenario 0038 (France 2028),France,2028,4.84,capacity_market_offset,high,2603.25874v1.pdf
SC-SYN-0039,Synthetic electricity-carbon scenario 0039 (Spain 2029),Spain,2029,11.33,green_certificate,low,2603.25874v1.pdf
SC-SYN-0040,Synthetic electricity-carbon scenario 0040 (Italy 2020),Italy,2020,1.94,settlement_deduction,medium,2603.25874v1.pdf
SC-SYN-0041,Synthetic electricity-carbon scenario 0041 (Poland 2021),Poland,2021,0.0,hard_threshold,high,2603.25874v1.pdf
SC-SYN-0042,Synthetic electricity-carbon scenario 0042 (EU 2022),EU,2022,0.0,linear_ramp,low,2603.25874v1.pdf
SC-SYN-0043,Synthetic electricity-carbon scenario 0043 (Netherlands 2023),Netherlands,2023,4.41,capacity_market_offset,medium,2603.25874v1.pdf
SC-SYN-0044,Synthetic electricity-carbon scenario 0044 (Belgium 2024),Belgium,2024,1.17,green_certificate,high,2603.25874v1.pdf
SC-SYN-0045,Synthetic electricity-carbon scenario 0045 (Austria 2025),Austria,2025,10.26,settlement_deduction,low,2603.25874v1.pdf
SC-SYN-0046,Synthetic electricity-carbon scenario 0046 (Germany 2026),Germany,2026,0.0,hard_threshold,medium,2603.25874v1.pdf
SC-SYN-0047,Synthetic electricity-carbon scenario 0047 (France 2027),France,2027,0.0,linear_ramp,high,2603.25874v1.pdf
SC-SYN-0048,Synthetic electricity-carbon scenario 0048 (Spain 2028),Spain,2028,4.6,capacity_market_offset,low,2603.25874v1.pdf
SC-SYN-0049,Synthetic electricity-carbon scenario 0049 (Italy 2029),Italy,2029,11.91,green_certificate,medium,2603.25874v1.pdf
SC-SYN-0050,Synthetic electricity-carbon scenario 0050 (Poland 2020),Poland,2020,5.09,settlement_deduction,high,2603.25874v1.pdf
SC-SYN-0051,Synthetic electricity-carbon scenario 0051 (EU 2021),EU,2021,0.0,hard_threshold,low,2603.25874v1.pdf
SC-SYN-0052,Synthetic electricity-carbon scenario 0052 (Netherlands 2022),Netherlands,2022,0.0,linear_ramp,medium,2603.25874v1.pdf
SC-SYN-0053,Synthetic electricity-carbon scenario 0053 (Belgium 2023),Belgium,2023,4.73,capacity_market_offset,high,2603.25874v1.pdf
SC-SYN-0054,Synthetic electricity-carbon scenario 0054 (Austria 2024),Austria,2024,1.06,green_certificate,low,2603.25874v1.pdf
SC-SYN-0055,Synthetic electricity-carbon scenario 0055 (Germany 2025),Germany,2025,10.21,settlement_deduction,medium,2603.25874v1.pdf
SC-SYN-0056,Synthetic electricity-carbon scenario 0056 (France 2026),France,2026,0.0,hard_threshold,high,2603.25874v1.pdf
SC-SYN-0057,Synthetic electricity-carbon scenario 0057 (Spain 2027),Spain,2027,0.0,linear_ramp,low,2603.25874v1.pdf
SC-SYN-0058,Synthetic electricity-carbon scenario 0058 (Italy 2028),Italy,2028,7.3,capacity_market_offset,medium,2603.25874v1.pdf
SC-SYN-0059,Synthetic electricity-carbon scenario 0059 (Poland 2029),Poland,2029,7.97,green_certificate,high,2603.25874v1.pdf
SC-SYN-0060,Synthetic electricity-carbon scenario 0060 (EU 2020),EU,2020,6.94,settlement_deduction,low,2603.25874v1.pdf
SC-SYN-0061,Synthetic electricity-carbon scenario 0061 (Netherlands 2021),Netherlands,2021,0.0,hard_threshold,medium,2603.25874v1.pdf
SC-SYN-0062,Synthetic electricity-carbon scenario 0062 (Belgium 2022),Belgium,2022,0.0,linear_ramp,high,2603.25874v1.pdf
SC-SYN-0063,Synthetic electricity-carbon scenario 0063 (Austria 2023),Austria,2023,2.61,capacity_market_offset,low,2603.25874v1.pdf
SC-SYN-0064,Synthetic electricity-carbon scenario 0064 (Germany 2024),Germany,2024,2.52,green_certificate,medium,2603.25874v1.pdf
SC-SYN-0065,Synthetic electricity-carbon scenario 0065 (France 2025),France,2025,3.01,settlement_deduction,high,2603.25874v1.pdf
SC-SYN-0066,Synthetic electricity-carbon scenario 0066 (Spain 2026),Spain,2026,0.0,hard_threshold,low,2603.25874v1.pdf
SC-SYN-0067,Synthetic electricity-carbon scenario 0067 (Italy 2027),Italy,2027,0.0,linear_ramp,medium,2603.25874v1.pdf
SC-SYN-0068,Synthetic electricity-carbon scenario 0068 (Poland 2028),Poland,2028,1.04,capacity_market_offset,high,2603.25874v1.pdf
SC-SYN-0069,Synthetic electricity-carbon scenario 0069 (EU 2029),EU,2029,2.73,green_certificate,low,2603.25874v1.pdf
SC-SYN-0070,Synthetic electricity-carbon scenario 0070 (Netherlands 2020),Netherlands,2020,1.34,settlement_deduction,medium,2603.25874v1.pdf
SC-SYN-0071,Synthetic electricity-carbon scenario 0071 (Belgium 2021),Belgium,2021,0.0,hard_threshold,high,2603.25874v1.pdf
SC-SYN-0072,Synthetic electricity-carbon scenario 0072 (Austria 2022),Austria,2022,0.0,linear_ramp,low,2603.25874v1.pdf
SC-SYN-0073,Synthetic electricity-carbon scenario 0073 (Germany 2023),Germany,2023,2.01,capacity_market_offset,medium,2603.25874v1.pdf
SC-SYN-0074,Synthetic electricity-carbon scenario 0074 (France 2024),France,2024,6.39,green_certificate,high,2603.25874v1.pdf
SC-SYN-0075,Synthetic electricity-carbon scenario 0075 (Spain 2025),Spain,2025,1.33,settlement_deduction,low,2603.25874v1.pdf
SC-SYN-0076,Synthetic electricity-carbon scenario 0076 (Italy 2026),Italy,2026,0.0,hard_threshold,medium,2603.25874v1.pdf
SC-SYN-0077,Synthetic electricity-carbon scenario 0077 (Poland 2027),Poland,2027,0.0,linear_ramp,high,2603.25874v1.pdf
SC-SYN-0078,Synthetic electricity-carbon scenario 0078 (EU 2028),EU,2028,2.71,capacity_market_offset,low,2603.25874v1.pdf
SC-SYN-0079,Synthetic electricity-carbon scenario 0079 (Netherlands 2029),Netherlands,2029,6.99,green_certificate,medium,2603.25874v1.pdf
SC-SYN-0080,Synthetic electricity-carbon scenario 0080 (Belgium 2020),Belgium,2020,8.23,settlement_deduction,high,2603.25874v1.pdf
SC-SYN-0081,Synthetic electricity-carbon scenario 0081 (Austria 2021),Austria,2021,0.0,hard_threshold,low,2603.25874v1.pdf
SC-SYN-0082,Synthetic electricity-carbon scenario 0082 (Germany 2022),Germany,2022,0.0,linear_ramp,medium,2603.25874v1.pdf
SC-SYN-0083,Synthetic electricity-carbon scenario 0083 (France 2023),France,2023,7.99,capacity_market_offset,high,2603.25874v1.pdf
SC-SYN-0084,Synthetic electricity-carbon scenario 0084 (Spain 2024),Spain,2024,2.44,green_certificate,low,2603.25874v1.pdf
SC-SYN-0085,Synthetic electricity-carbon scenario 0085 (Italy 2025),Italy,2025,6.38,settlement_deduction,medium,2603.25874v1.pdf
SC-SYN-0086,Synthetic electricity-carbon scenario 0086 (Poland 2026),Poland,2026,0.0,hard_threshold,high,2603.25874v1.pdf
SC-SYN-0087,Synthetic electricity-carbon scenario 0087 (EU 2027),EU,2027,0.0,linear_ramp,low,2603.25874v1.pdf
SC-SYN-0088,Synthetic electricity-carbon scenario 0088 (Netherlands 2028),Netherlands,2028,8.32,capacity_market_offset,medium,2603.25874v1.pdf
SC-SYN-0089,Synthetic electricity-carbon scenario 0089 (Belgium 2029),Belgium,2029,8.23,green_certificate,high,2603.25874v1.pdf
SC-SYN-0090,Synthetic electricity-carbon scenario 0090 (Austria 2020),Austria,2020,10.12,settlement_deduction,low,2603.25874v1.pdf
SC-SYN-0091,Synthetic electricity-carbon scenario 0091 (Germany 2021),Germany,2021,0.0,hard_threshold,medium,2603.25874v1.pdf
SC-SYN-0092,Synthetic electricity-carbon scenario 0092 (France 2022),France,2022,0.0,linear_ramp,high,2603.25874v1.pdf
SC-SYN-0093,Synthetic electricity-carbon scenario 0093 (Spain 2023),Spain,2023,5.89,capacity_market_offset,low,2603.25874v1.pdf
SC-SYN-0094,Synthetic electricity-carbon scenario 0094 (Italy 2024),Italy,2024,4.44,green_certificate,medium,2603.25874v1.pdf
SC-SYN-0095,Synthetic electricity-carbon scenario 0095 (Poland 2025),Poland,2025,5.26,settlement_deduction,high,2603.25874v1.pdf
SC-SYN-0096,Synthetic electricity-carbon scenario 0096 (EU 2026),EU,2026,0.0,hard_threshold,low,2603.25874v1.pdf
SC-SYN-0097,Synthetic electricity-carbon scenario 0097 (Netherlands 2027),Netherlands,2027,0.0,linear_ramp,medium,2603.25874v1.pdf
SC-SYN-0098,Synthetic electricity-carbon scenario 0098 (Belgium 2028),Belgium,2028,3.74,capacity_market_offset,high,2603.25874v1.pdf
SC-SYN-0099,Synthetic electricity-carbon scenario 0099 (Austria 2029),Austria,2029,6.7,green_certificate,low,2603.25874v1.pdf
SC-SYN-0100,Synthetic electricity-carbon scenario 0100 (Germany 2020),Germany,2020,11.36,settlement_deduction,medium,2603.25874v1.pdf
SC-SYN-0101,Synthetic electricity-carbon scenario 0101 (France 2021),France,2021,0.0,hard_threshold,high,2603.25874v1.pdf
SC-SYN-0102,Synthetic electricity-carbon scenario 0102 (Spain 2022),Spain,2022,0.0,linear_ramp,low,2603.25874v1.pdf
SC-SYN-0103,Synthetic electricity-carbon scenario 0103 (Italy 2023),Italy,2023,8.73,capacity_market_offset,medium,2603.25874v1.pdf
SC-SYN-0104,Synthetic electricity-carbon scenario 0104 (Poland 2024),Poland,2024,4.19,green_certificate,high,2603.25874v1.pdf
SC-SYN-0105,Synthetic electricity-carbon scenario 0105 (EU 2025),EU,2025,4.54,settlement_deduction,low,2603.25874v1.pdf
SC-SYN-0106,Synthetic electricity-carbon scenario 0106 (Netherlands 2026),Netherlands,2026,0.0,hard_threshold,medium,2603.25874v1.pdf
SC-SYN-0107,Synthetic electricity-carbon scenario 0107 (Belgium 2027),Belgium,2027,0.0,linear_ramp,high,2603.25874v1.pdf
SC-SYN-0108,Synthetic electricity-carbon scenario 0108 (Austria 2028),Austria,2028,2.38,capacity_market_offset,low,2603.25874v1.pdf
SC-SYN-0109,Synthetic electricity-carbon scenario 0109 (Germany 2029),Germany,2029,7.17,green_certificate,medium,2603.25874v1.pdf
SC-SYN-0110,Synthetic electricity-carbon scenario 0110 (France 2020),France,2020,1.98,settlement_deduction,high,2603.25874v1.pdf
SC-SYN-0111,Synthetic electricity-carbon scenario 0111 (Spain 2021),Spain,2021,0.0,hard_threshold,low,2603.25874v1.pdf
SC-SYN-0112,Synthetic electricity-carbon scenario 0112 (Italy 2022),Italy,2022,0.0,linear_ramp,medium,2603.25874v1.pdf
SC-SYN-0113,Synthetic electricity-carbon scenario 0113 (Poland 2023),Poland,2023,6.65,capacity_market_offset,high,2603.25874v1.pdf
SC-SYN-0114,Synthetic electricity-carbon scenario 0114 (EU 2024),EU,2024,9.61,green_certificate,low,2603.25874v1.pdf
SC-SYN-0115,Synthetic electricity-carbon scenario 0115 (Netherlands 2025),Netherlands,2025,5.69,settlement_deduction,medium,2603.25874v1.pdf
SC-SYN-0116,Synthetic electricity-carbon scenario 0116 (Belgium 2026),Belgium,2026,0.0,hard_threshold,high,2603.25874v1.pdf
SC-SYN-0117,Synthetic electricity-carbon scenario 0117 (Austria 2027),Austria,2027,0.0,linear_ramp,low,2603.25874v1.pdf
SC-SYN-0118,Synthetic electricity-carbon scenario 0118 (Germany 2028),Germany,2028,5.71,capacity_market_offset,medium,2603.25874v1.pdf
SC-SYN-0119,Synthetic electricity-carbon scenario 0119 (France 2029),France,2029,11.49,green_certificate,high,2603.25874v1.pdf
SC-SYN-0120,Synthetic electricity-carbon scenario 0120 (Spain 2020),Spain,2020,8.45,settlement_deduction,low,2603.25874v1.pdf
SC-SYN-0121,Synthetic electricity-carbon scenario 0121 (Italy 2021),Italy,2021,0.0,hard_threshold,medium,2603.25874v1.pdf
SC-SYN-0122,Synthetic electricity-carbon scenario 0122 (Poland 2022),Poland,2022,0.0,linear_ramp,high,2603.25874v1.pdf
SC-SYN-0123,Synthetic electricity-carbon scenario 0123 (EU 2023),EU,2023,3.24,capacity_market_offset,low,2603.25874v1.pdf
SC-SYN-0124,Synthetic electricity-carbon scenario 0124 (Netherlands 2024),Netherlands,2024,9.71,green_certificate,medium,2603.25874v1.pdf
SC-SYN-0125,Synthetic electricity-carbon scenario 0125 (Belgium 2025),Belgium,2025,10.27,settlement_deduction,high,2603.25874v1.pdf
SC-SYN-0126,Synthetic electricity-carbon scenario 0126 (Austria 2026),Austria,2026,0.0,hard_threshold,low,2603.25874v1.pdf
SC-SYN-0127,Synthetic electricity-carbon scenario 0127 (Germany 2027),Germany,2027,0.0,linear_ramp,medium,2603.25874v1.pdf
SC-SYN-0128,Synthetic electricity-carbon scenario 0128 (France 2028),France,2028,11.93,capacity_market_offset,high,2603.25874v1.pdf
SC-SYN-0129,Synthetic electricity-carbon scenario 0129 (Spain 2029),Spain,2029,10.99,green_certificate,low,2603.25874v1.pdf
SC-SYN-0130,Synthetic electricity-carbon scenario 0130 (Italy 2020),Italy,2020,2.92,settlement_deduction,medium,2603.25874v1.pdf
SC-SYN-0131,Synthetic electricity-carbon scenario 0131 (Poland 2021),Poland,2021,0.0,hard_threshold,high,2603.25874v1.pdf
SC-SYN-0132,Synthetic electricity-carbon scenario 0132 (EU 2022),EU,2022,0.0,linear_ramp,low,2603.25874v1.pdf
SC-SYN-0133,Synthetic electricity-carbon scenario 0133 (Netherlands 2023),Netherlands,2023,5.36,capacity_market_offset,medium,2603.25874v1.pdf
SC-SYN-0134,Synthetic electricity-carbon scenario 0134 (Belgium 2024),Belgium,2024,8.18,green_certificate,high,2603.25874v1.pdf
SC-SYN-0135,Synthetic electricity-carbon scenario 0135 (Austria 2025),Austria,2025,9.43,settlement_deduction,low,2603.25874v1.pdf
SC-SYN-0136,Synthetic electricity-carbon scenario 0136 (Germany 2026),Germany,2026,0.0,hard_threshold,medium,2603.25874v1.pdf
SC-SYN-0137,Synthetic electricity-carbon scenario 0137 (France 2027),France,2027,0.0,linear_ramp,high,2603.25874v1.pdf
SC-SYN-0138,Synthetic electricity-carbon scenario 0138 (Spain 2028),Spain,2028,7.56,capacity_market_offset,low,2603.25874v1.pdf
SC-SYN-0139,Synthetic electricity-carbon scenario 0139 (Italy 2029),Italy,2029,1.32,green_certificate,medium,2603.25874v1.pdf
SC-SYN-0140,Synthetic electricity-carbon scenario 0140 (Poland 2020),Poland,2020,8.45,settlement_deduction,high,2603.25874v1.pdf
SC-SYN-0141,Synthetic electricity-carbon scenario 0141 (EU 2021),EU,2021,0.0,hard_threshold,low,2603.25874v1.pdf
SC-SYN-0142,Synthetic electricity-carbon scenario 0142 (Netherlands 2022),Netherlands,2022,0.0,linear_ramp,medium,2603.25874v1.pdf
SC-SYN-0143,Synthetic electricity-carbon scenario 0143 (Belgium 2023),Belgium,2023,6.11,capacity_market_offset,high,2603.25874v1.pdf
SC-SYN-0144,Synthetic electricity-carbon scenario 0144 (Austria 2024),Austria,2024,6.95,green_certificate,low,2603.25874v1.pdf
SC-SYN-0145,Synthetic electricity-carbon scenario 0145 (Germany 2025),Germany,2025,2.4,settlement_deduction,medium,2603.25874v1.pdf
SC-SYN-0146,Synthetic electricity-carbon scenario 0146 (France 2026),France,2026,0.0,hard_threshold,high,2603.25874v1.pdf
SC-SYN-0147,Synthetic electricity-carbon scenario 0147 (Spain 2027),Spain,2027,0.0,linear_ramp,low,2603.25874v1.pdf
SC-SYN-0148,Synthetic electricity-carbon scenario 0148 (Italy 2028),Italy,2028,4.52,capacity_market_offset,medium,2603.25874v1.pdf
SC-SYN-0149,Synthetic electricity-carbon scenario 0149 (Poland 2029),Poland,2029,2.54,green_certificate,high,2603.25874v1.pdf
SC-SYN-0150,Synthetic electricity-carbon scenario 0150 (EU 2020),EU,2020,5.28,settlement_deduction,low,2603.25874v1.pdf
SC-SYN-0151,Synthetic electricity-carbon scenario 0151 (Netherlands 2021),Netherlands,2021,0.0,hard_threshold,medium,2603.25874v1.pdf
SC-SYN-0152,Synthetic electricity-carbon scenario 0152 (Belgium 2022),Belgium,2022,0.0,linear_ramp,high,2603.25874v1.pdf
SC-SYN-0153,Synthetic electricity-carbon scenario 0153 (Austria 2023),Austria,2023,1.17,capacity_market_offset,low,2603.25874v1.pdf
SC-SYN-0154,Synthetic electricity-carbon scenario 0154 (Germany 2024),Germany,2024,2.51,green_certificate,medium,2603.25874v1.pdf
SC-SYN-0155,Synthetic electricity-carbon scenario 0155 (France 2025),France,2025,6.5,settlement_deduction,high,2603.25874v1.pdf
SC-SYN-0156,Synthetic electricity-carbon scenario 0156 (Spain 2026),Spain,2026,0.0,hard_threshold,low,2603.25874v1.pdf
SC-SYN-0157,Synthetic electricity-carbon scenario 0157 (Italy 2027),Italy,2027,0.0,linear_ramp,medium,2603.25874v1.pdf
SC-SYN-0158,Synthetic electricity-carbon scenario 0158 (Poland 2028),Poland,2028,0.73,capacity_market_offset,high,2603.25874v1.pdf
SC-SYN-0159,Synthetic electricity-carbon scenario 0159 (EU 2029),EU,2029,11.03,green_certificate,low,2603.25874v1.pdf
SC-SYN-0160,Synthetic electricity-carbon scenario 0160 (Netherlands 2020),Netherlands,2020,1.51,settlement_deduction,medium,2603.25874v1.pdf
SC-SYN-0161,Synthetic electricity-carbon scenario 0161 (Belgium 2021),Belgium,2021,0.0,hard_threshold,high,2603.25874v1.pdf
SC-SYN-0162,Synthetic electricity-carbon scenario 0162 (Austria 2022),Austria,2022,0.0,linear_ramp,low,2603.25874v1.pdf
SC-SYN-0163,Synthetic electricity-carbon scenario 0163 (Germany 2023),Germany,2023,6.15,capacity_market_offset,medium,2603.25874v1.pdf
SC-SYN-0164,Synthetic electricity-carbon scenario 0164 (France 2024),France,2024,11.83,green_certificate,high,2603.25874v1.pdf
SC-SYN-0165,Synthetic electricity-carbon scenario 0165 (Spain 2025),Spain,2025,4.26,settlement_deduction,low,2603.25874v1.pdf
SC-SYN-0166,Synthetic electricity-carbon scenario 0166 (Italy 2026),Italy,2026,0.0,hard_threshold,medium,2603.25874v1.pdf
SC-SYN-0167,Synthetic electricity-carbon scenario 0167 (Poland 2027),Poland,2027,0.0,linear_ramp,high,2603.25874v1.pdf
SC-SYN-0168,Synthetic electricity-carbon scenario 0168 (EU 2028),EU,2028,0.9,capacity_market_offset,low,2603.25874v1.pdf
SC-SYN-0169,Synthetic electricity-carbon scenario 0169 (Netherlands 2029),Netherlands,2029,1.32,green_certificate,medium,2603.25874v1.pdf
SC-SYN-0170,Synthetic electricity-carbon scenario 0170 (Belgium 2020),Belgium,2020,1.85,settlement_deduction,high,2603.25874v1.pdf
SC-SYN-0171,Synthetic electricity-carbon scenario 0171 (Austria 2021),Austria,2021,0.0,hard_threshold,low,2603.25874v1.pdf
SC-SYN-0172,Synthetic electricity-carbon scenario 0172 (Germany 2022),Germany,2022,0.0,linear_ramp,medium,2603.25874v1.pdf
SC-SYN-0173,Synthetic electricity-carbon scenario 0173 (France 2023),France,2023,1.27,capacity_market_offset,high,2603.25874v1.pdf
SC-SYN-0174,Synthetic electricity-carbon scenario 0174 (Spain 2024),Spain,2024,5.96,green_certificate,low,2603.25874v1.pdf
SC-SYN-0175,Synthetic electricity-carbon scenario 0175 (Italy 2025),Italy,2025,3.65,settlement_deduction,medium,2603.25874v1.pdf
SC-SYN-0176,Synthetic electricity-carbon scenario 0176 (Poland 2026),Poland,2026,0.0,hard_threshold,high,2603.25874v1.pdf
SC-SYN-0177,Synthetic electricity-carbon scenario 0177 (EU 2027),EU,2027,0.0,linear_ramp,low,2603.25874v1.pdf
SC-SYN-0178,Synthetic electricity-carbon scenario 0178 (Netherlands 2028),Netherlands,2028,4.26,capacity_market_offset,medium,2603.25874v1.pdf
SC-SYN-0179,Synthetic electricity-carbon scenario 0179 (Belgium 2029),Belgium,2029,9.02,green_certificate,high,2603.25874v1.pdf
SC-SYN-0180,Synthetic electricity-carbon scenario 0180 (Austria 2020),Austria,2020,9.62,settlement_deduction,low,2603.25874v1.pdf
SC-SYN-0181,Synthetic electricity-carbon scenario 0181 (Germany 2021),Germany,2021,0.0,hard_threshold,medium,2603.25874v1.pdf
SC-SYN-0182,Synthetic electricity-carbon scenario 0182 (France 2022),France,2022,0.0,linear_ramp,high,2603.25874v1.pdf
SC-SYN-0183,Synthetic electricity-carbon scenario 0183 (Spain 2023),Spain,2023,11.74,capacity_market_offset,low,2603.25874v1.pdf
SC-SYN-0184,Synthetic electricity-carbon scenario 0184 (Italy 2024),Italy,2024,11.23,green_certificate,medium,2603.25874v1.pdf
SC-SYN-0185,Synthetic electricity-carbon scenario 0185 (Poland 2025),Poland,2025,8.32,settlement_deduction,high,2603.25874v1.pdf
SC-SYN-0186,Synthetic electricity-carbon scenario 0186 (EU 2026),EU,2026,0.0,hard_threshold,low,2603.25874v1.pdf
SC-SYN-0187,Synthetic electricity-carbon scenario 0187 (Netherlands 2027),Netherlands,2027,0.0,linear_ramp,medium,2603.25874v1.pdf
SC-SYN-0188,Synthetic electricity-carbon scenario 0188 (Belgium 2028),Belgium,2028,3.58,capacity_market_offset,high,2603.25874v1.pdf
SC-SYN-0189,Synthetic electricity-carbon scenario 0189 (Austria 2029),Austria,2029,9.42,green_certificate,low,2603.25874v1.pdf
SC-SYN-0190,Synthetic electricity-carbon scenario 0190 (Germany 2020),Germany,2020,5.94,settlement_deduction,medium,2603.25874v1.pdf
SC-SYN-0191,Synthetic electricity-carbon scenario 0191 (France 2021),France,2021,0.0,hard_threshold,high,2603.25874v1.pdf
SC-SYN-0192,Synthetic electricity-carbon scenario 0192 (Spain 2022),Spain,2022,0.0,linear_ramp,low,2603.25874v1.pdf
SC-SYN-0193,Synthetic electricity-carbon scenario 0193 (Italy 2023),Italy,2023,7.28,capacity_market_offset,medium,2603.25874v1.pdf
SC-SYN-0194,Synthetic electricity-carbon scenario 0194 (Poland 2024),Poland,2024,11.77,green_certificate,high,2603.25874v1.pdf
SC-SYN-0195,Synthetic electricity-carbon scenario 0195 (EU 2025),EU,2025,2.37,settlement_deduction,low,2603.25874v1.pdf
SC-SYN-0196,Synthetic electricity-carbon scenario 0196 (Netherlands 2026),Netherlands,2026,0.0,hard_threshold,medium,2603.25874v1.pdf
SC-SYN-0197,Synthetic electricity-carbon scenario 0197 (Belgium 2027),Belgium,2027,0.0,linear_ramp,high,2603.25874v1.pdf
SC-SYN-0198,Synthetic electricity-carbon scenario 0198 (Austria 2028),Austria,2028,8.45,capacity_market_offset,low,2603.25874v1.pdf
SC-SYN-0199,Synthetic electricity-carbon scenario 0199 (Germany 2029),Germany,2029,8.96,green_certificate,medium,2603.25874v1.pdf
SC-SYN-0200,Synthetic electricity-carbon scenario 0200 (France 2020),France,2020,9.81,settlement_deduction,high,2603.25874v1.pdf
SC-SYN-0201,Synthetic electricity-carbon scenario 0201 (Spain 2021),Spain,2021,0.0,hard_threshold,low,2603.25874v1.pdf
SC-SYN-0202,Synthetic electricity-carbon scenario 0202 (Italy 2022),Italy,2022,0.0,linear_ramp,medium,2603.25874v1.pdf
SC-SYN-0203,Synthetic electricity-carbon scenario 0203 (Poland 2023),Poland,2023,11.3,capacity_market_offset,high,2603.25874v1.pdf
SC-SYN-0204,Synthetic electricity-carbon scenario 0204 (EU 2024),EU,2024,6.26,green_certificate,low,2603.25874v1.pdf
SC-SYN-0205,Synthetic electricity-carbon scenario 0205 (Netherlands 2025),Netherlands,2025,1.35,settlement_deduction,medium,2603.25874v1.pdf
SC-SYN-0206,Synthetic electricity-carbon scenario 0206 (Belgium 2026),Belgium,2026,0.0,hard_threshold,high,2603.25874v1.pdf
SC-SYN-0207,Synthetic electricity-carbon scenario 0207 (Austria 2027),Austria,2027,0.0,linear_ramp,low,2603.25874v1.pdf
SC-SYN-0208,Synthetic electricity-carbon scenario 0208 (Germany 2028),Germany,2028,11.32,capacity_market_offset,medium,2603.25874v1.pdf
SC-SYN-0209,Synthetic electricity-carbon scenario 0209 (France 2029),France,2029,5.1,green_certificate,high,2603.25874v1.pdf
SC-SYN-0210,Synthetic electricity-carbon scenario 0210 (Spain 2020),Spain,2020,9.57,settlement_deduction,low,2603.25874v1.pdf
SC-SYN-0211,Synthetic electricity-carbon scenario 0211 (Italy 2021),Italy,2021,0.0,hard_threshold,medium,2603.25874v1.pdf
SC-SYN-0212,Synthetic electricity-carbon scenario 0212 (Poland 2022),Poland,2022,0.0,linear_ramp,high,2603.25874v1.pdf
SC-SYN-0213,Synthetic electricity-carbon scenario 0213 (EU 2023),EU,2023,6.57,capacity_market_offset,low,2603.25874v1.pdf
SC-SYN-0214,Synthetic electricity-carbon scenario 0214 (Netherlands 2024),Netherlands,2024,8.93,green_certificate,medium,2603.25874v1.pdf
SC-SYN-0215,Synthetic electricity-carbon scenario 0215 (Belgium 2025),Belgium,2025,9.48,settlement_deduction,high,2603.25874v1.pdf
SC-SYN-0216,Synthetic electricity-carbon scenario 0216 (Austria 2026),Austria,2026,0.0,hard_threshold,low,2603.25874v1.pdf
SC-SYN-0217,Synthetic electricity-carbon scenario 0217 (Germany 2027),Germany,2027,0.0,linear_ramp,medium,2603.25874v1.pdf
SC-SYN-0218,Synthetic electricity-carbon scenario 0218 (France 2028),France,2028,2.61,capacity_market_offset,high,2603.25874v1.pdf
SC-SYN-0219,Synthetic electricity-carbon scenario 0219 (Spain 2029),Spain,2029,8.82,green_certificate,low,2603.25874v1.pdf
SC-SYN-0220,Synthetic electricity-carbon scenario 0220 (Italy 2020),Italy,2020,9.83,settlement_deduction,medium,2603.25874v1.pdf
SC-SYN-0221,Synthetic electricity-carbon scenario 0221 (Poland 2021),Poland,2021,0.0,hard_threshold,high,2603.25874v1.pdf
SC-SYN-0222,Synthetic electricity-carbon scenario 0222 (EU 2022),EU,2022,0.0,linear_ramp,low,2603.25874v1.pdf
SC-SYN-0223,Synthetic electricity-carbon scenario 0223 (Netherlands 2023),Netherlands,2023,2.92,capacity_market_offset,medium,2603.25874v1.pdf
SC-SYN-0224,Synthetic electricity-carbon scenario 0224 (Belgium 2024),Belgium,2024,5.64,green_certificate,high,2603.25874v1.pdf
SC-SYN-0225,Synthetic electricity-carbon scenario 0225 (Austria 2025),Austria,2025,2.29,settlement_deduction,low,2603.25874v1.pdf
SC-SYN-0226,Synthetic electricity-carbon scenario 0226 (Germany 2026),Germany,2026,0.0,hard_threshold,medium,2603.25874v1.pdf
SC-SYN-0227,Synthetic electricity-carbon scenario 0227 (France 2027),France,2027,0.0,linear_ramp,high,2603.25874v1.pdf
SC-SYN-0228,Synthetic electricity-carbon scenario 0228 (Spain 2028),Spain,2028,9.4,capacity_market_offset,low,2603.25874v1.pdf
SC-SYN-0229,Synthetic electricity-carbon scenario 0229 (Italy 2029),Italy,2029,2.87,green_certificate,medium,2603.25874v1.pdf
SC-SYN-0230,Synthetic electricity-carbon scenario 0230 (Poland 2020),Poland,2020,11.61,settlement_deduction,high,2603.25874v1.pdf
SC-SYN-0231,Synthetic electricity-carbon scenario 0231 (EU 2021),EU,2021,0.0,hard_threshold,low,2603.25874v1.pdf
SC-SYN-0232,Synthetic electricity-carbon scenario 0232 (Netherlands 2022),Netherlands,2022,0.0,linear_ramp,medium,2603.25874v1.pdf
SC-SYN-0233,Synthetic electricity-carbon scenario 0233 (Belgium 2023),Belgium,2023,11.51,capacity_market_offset,high,2603.25874v1.pdf
SC-SYN-0234,Synthetic electricity-carbon scenario 0234 (Austria 2024),Austria,2024,7.89,green_certificate,low,2603.25874v1.pdf
SC-SYN-0235,Synthetic electricity-carbon scenario 0235 (Germany 2025),Germany,2025,1.63,settlement_deduction,medium,2603.25874v1.pdf
SC-SYN-0236,Synthetic electricity-carbon scenario 0236 (France 2026),France,2026,0.0,hard_threshold,high,2603.25874v1.pdf
SC-SYN-0237,Synthetic electricity-carbon scenario 0237 (Spain 2027),Spain,2027,0.0,linear_ramp,low,2603.25874v1.pdf
SC-SYN-0238,Synthetic electricity-carbon scenario 0238 (Italy 2028),Italy,2028,10.22,capacity_market_offset,medium,2603.25874v1.pdf
SC-SYN-0239,Synthetic electricity-carbon scenario 0239 (Poland 2029),Poland,2029,4.6,green_certificate,high,2603.25874v1.pdf
SC-SYN-0240,Synthetic electricity-carbon scenario 0240 (EU 2020),EU,2020,0.78,settlement_deduction,low,2603.25874v1.pdf
SC-SYN-0241,Synthetic electricity-carbon scenario 0241 (Netherlands 2021),Netherlands,2021,0.0,hard_threshold,medium,2603.25874v1.pdf
SC-SYN-0242,Synthetic electricity-carbon scenario 0242 (Belgium 2022),Belgium,2022,0.0,linear_ramp,high,2603.25874v1.pdf
SC-SYN-0243,Synthetic electricity-carbon scenario 0243 (Austria 2023),Austria,2023,6.18,capacity_market_offset,low,2603.25874v1.pdf
SC-SYN-0244,Synthetic electricity-carbon scenario 0244 (Germany 2024),Germany,2024,10.8,green_certificate,medium,2603.25874v1.pdf
SC-SYN-0245,Synthetic electricity-carbon scenario 0245 (France 2025),France,2025,11.56,settlement_deduction,high,2603.25874v1.pdf
SC-SYN-0246,Synthetic electricity-carbon scenario 0246 (Spain 2026),Spain,2026,0.0,hard_threshold,low,2603.25874v1.pdf
SC-SYN-0247,Synthetic electricity-carbon scenario 0247 (Italy 2027),Italy,2027,0.0,linear_ramp,medium,2603.25874v1.pdf
SC-SYN-0248,Synthetic electricity-carbon scenario 0248 (Poland 2028),Poland,2028,12.0,capacity_market_offset,high,2603.25874v1.pdf
SC-SYN-0249,Synthetic electricity-carbon scenario 0249 (EU 2029),EU,2029,4.25,green_certificate,low,2603.25874v1.pdf
SC-SYN-0250,Synthetic electricity-carbon scenario 0250 (Netherlands 2020),Netherlands,2020,1.75,settlement_deduction,medium,2603.25874v1.pdf
SC-SYN-0251,Synthetic electricity-carbon scenario 0251 (Belgium 2021),Belgium,2021,0.0,hard_threshold,high,2603.25874v1.pdf
SC-SYN-0252,Synthetic electricity-carbon scenario 0252 (Austria 2022),Austria,2022,0.0,linear_ramp,low,2603.25874v1.pdf
SC-SYN-0253,Synthetic electricity-carbon scenario 0253 (Germany 2023),Germany,2023,1.64,capacity_market_offset,medium,2603.25874v1.pdf
SC-SYN-0254,Synthetic electricity-carbon scenario 0254 (France 2024),France,2024,8.41,green_certificate,high,2603.25874v1.pdf
SC-SYN-0255,Synthetic electricity-carbon scenario 0255 (Spain 2025),Spain,2025,3.3,settlement_deduction,low,2603.25874v1.pdf
SC-SYN-0256,Synthetic electricity-carbon scenario 0256 (Italy 2026),Italy,2026,0.0,hard_threshold,medium,2603.25874v1.pdf
SC-SYN-0257,Synthetic electricity-carbon scenario 0257 (Poland 2027),Poland,2027,0.0,linear_ramp,high,2603.25874v1.pdf
SC-SYN-0258,Synthetic electricity-carbon scenario 0258 (EU 2028),EU,2028,9.63,capacity_market_offset,low,2603.25874v1.pdf
SC-SYN-0259,Synthetic electricity-carbon scenario 0259 (Netherlands 2029),Netherlands,2029,9.62,green_certificate,medium,2603.25874v1.pdf
SC-SYN-0260,Synthetic electricity-carbon scenario 0260 (Belgium 2020),Belgium,2020,4.14,settlement_deduction,high,2603.25874v1.pdf
SC-SYN-0261,Synthetic electricity-carbon scenario 0261 (Austria 2021),Austria,2021,0.0,hard_threshold,low,2603.25874v1.pdf
SC-SYN-0262,Synthetic electricity-carbon scenario 0262 (Germany 2022),Germany,2022,0.0,linear_ramp,medium,2603.25874v1.pdf
SC-SYN-0263,Synthetic electricity-carbon scenario 0263 (France 2023),France,2023,8.98,capacity_market_offset,high,2603.25874v1.pdf
SC-SYN-0264,Synthetic electricity-carbon scenario 0264 (Spain 2024),Spain,2024,6.34,green_certificate,low,2603.25874v1.pdf
SC-SYN-0265,Synthetic electricity-carbon scenario 0265 (Italy 2025),Italy,2025,3.64,settlement_deduction,medium,2603.25874v1.pdf
SC-SYN-0266,Synthetic electricity-carbon scenario 0266 (Poland 2026),Poland,2026,0.0,hard_threshold,high,2603.25874v1.pdf
SC-SYN-0267,Synthetic electricity-carbon scenario 0267 (EU 2027),EU,2027,0.0,linear_ramp,low,2603.25874v1.pdf
SC-SYN-0268,Synthetic electricity-carbon scenario 0268 (Netherlands 2028),Netherlands,2028,4.45,capacity_market_offset,medium,2603.25874v1.pdf
SC-SYN-0269,Synthetic electricity-carbon scenario 0269 (Belgium 2029),Belgium,2029,10.2,green_certificate,high,2603.25874v1.pdf
SC-SYN-0270,Synthetic electricity-carbon scenario 0270 (Austria 2020),Austria,2020,6.74,settlement_deduction,low,2603.25874v1.pdf
SC-SYN-0271,Synthetic electricity-carbon scenario 0271 (Germany 2021),Germany,2021,0.0,hard_threshold,medium,2603.25874v1.pdf
SC-SYN-0272,Synthetic electricity-carbon scenario 0272 (France 2022),France,2022,0.0,linear_ramp,high,2603.25874v1.pdf
SC-SYN-0273,Synthetic electricity-carbon scenario 0273 (Spain 2023),Spain,2023,6.92,capacity_market_offset,low,2603.25874v1.pdf
SC-SYN-0274,Synthetic electricity-carbon scenario 0274 (Italy 2024),Italy,2024,0.62,green_certificate,medium,2603.25874v1.pdf
SC-SYN-0275,Synthetic electricity-carbon scenario 0275 (Poland 2025),Poland,2025,8.2,settlement_deduction,high,2603.25874v1.pdf
SC-SYN-0276,Synthetic electricity-carbon scenario 0276 (EU 2026),EU,2026,0.0,hard_threshold,low,2603.25874v1.pdf
SC-SYN-0277,Synthetic electricity-carbon scenario 0277 (Netherlands 2027),Netherlands,2027,0.0,linear_ramp,medium,2603.25874v1.pdf
SC-SYN-0278,Synthetic electricity-carbon scenario 0278 (Belgium 2028),Belgium,2028,2.07,capacity_market_offset,high,2603.25874v1.pdf
SC-SYN-0279,Synthetic electricity-carbon scenario 0279 (Austria 2029),Austria,2029,0.81,green_certificate,low,2603.25874v1.pdf
SC-SYN-0280,Synthetic electricity-carbon scenario 0280 (Germany 2020),Germany,2020,2.87,settlement_deduction,medium,2603.25874v1.pdf
SC-SYN-0281,Synthetic electricity-carbon scenario 0281 (France 2021),France,2021,0.0,hard_threshold,high,2603.25874v1.pdf
SC-SYN-0282,Synthetic electricity-carbon scenario 0282 (Spain 2022),Spain,2022,0.0,linear_ramp,low,2603.25874v1.pdf
SC-SYN-0283,Synthetic electricity-carbon scenario 0283 (Italy 2023),Italy,2023,2.99,capacity_market_offset,medium,2603.25874v1.pdf
SC-SYN-0284,Synthetic electricity-carbon scenario 0284 (Poland 2024),Poland,2024,7.02,green_certificate,high,2603.25874v1.pdf
SC-SYN-0285,Synthetic electricity-carbon scenario 0285 (EU 2025),EU,2025,10.32,settlement_deduction,low,2603.25874v1.pdf
SC-SYN-0286,Synthetic electricity-carbon scenario 0286 (Netherlands 2026),Netherlands,2026,0.0,hard_threshold,medium,2603.25874v1.pdf
SC-SYN-0287,Synthetic electricity-carbon scenario 0287 (Belgium 2027),Belgium,2027,0.0,linear_ramp,high,2603.25874v1.pdf
SC-SYN-0288,Synthetic electricity-carbon scenario 0288 (Austria 2028),Austria,2028,5.35,capacity_market_offset,low,2603.25874v1.pdf
SC-SYN-0289,Synthetic electricity-carbon scenario 0289 (Germany 2029),Germany,2029,11.57,green_certificate,medium,2603.25874v1.pdf
SC-SYN-0290,Synthetic electricity-carbon scenario 0290 (France 2020),France,2020,11.97,settlement_deduction,high,2603.25874v1.pdf
SC-SYN-0291,Synthetic electricity-carbon scenario 0291 (Spain 2021),Spain,2021,0.0,hard_threshold,low,2603.25874v1.pdf
SC-SYN-0292,Synthetic electricity-carbon scenario 0292 (Italy 2022),Italy,2022,0.0,linear_ramp,medium,2603.25874v1.pdf
SC-SYN-0293,Synthetic electricity-carbon scenario 0293 (Poland 2023),Poland,2023,7.1,capacity_market_offset,high,2603.25874v1.pdf
SC-SYN-0294,Synthetic electricity-carbon scenario 0294 (EU 2024),EU,2024,1.98,green_certificate,low,2603.25874v1.pdf
SC-SYN-0295,Synthetic electricity-carbon scenario 0295 (Netherlands 2025),Netherlands,2025,10.79,settlement_deduction,medium,2603.25874v1.pdf
SC-SYN-0296,Synthetic electricity-carbon scenario 0296 (Belgium 2026),Belgium,2026,0.0,hard_threshold,high,2603.25874v1.pdf
SC-SYN-0297,Synthetic electricity-carbon scenario 0297 (Austria 2027),Austria,2027,0.0,linear_ramp,low,2603.25874v1.pdf
SC-SYN-0298,Synthetic electricity-carbon scenario 0298 (Germany 2028),Germany,2028,5.78,capacity_market_offset,medium,2603.25874v1.pdf
SC-SYN-0299,Synthetic electricity-carbon scenario 0299 (France 2029),France,2029,11.09,green_certificate,high,2603.25874v1.pdf
SC-SYN-0300,Synthetic electricity-carbon scenario 0300 (Spain 2020),Spain,2020,10.18,settlement_deduction,low,2603.25874v1.pdf
SC-SYN-0301,Synthetic electricity-carbon scenario 0301 (Italy 2021),Italy,2021,0.0,hard_threshold,medium,2603.25874v1.pdf
SC-SYN-0302,Synthetic electricity-carbon scenario 0302 (Poland 2022),Poland,2022,0.0,linear_ramp,high,2603.25874v1.pdf
SC-SYN-0303,Synthetic electricity-carbon scenario 0303 (EU 2023),EU,2023,9.51,capacity_market_offset,low,2603.25874v1.pdf
SC-SYN-0304,Synthetic electricity-carbon scenario 0304 (Netherlands 2024),Netherlands,2024,2.65,green_certificate,medium,2603.25874v1.pdf
SC-SYN-0305,Synthetic electricity-carbon scenario 0305 (Belgium 2025),Belgium,2025,3.71,settlement_deduction,high,2603.25874v1.pdf
SC-SYN-0306,Synthetic electricity-carbon scenario 0306 (Austria 2026),Austria,2026,0.0,hard_threshold,low,2603.25874v1.pdf
SC-SYN-0307,Synthetic electricity-carbon scenario 0307 (Germany 2027),Germany,2027,0.0,linear_ramp,medium,2603.25874v1.pdf
SC-SYN-0308,Synthetic electricity-carbon scenario 0308 (France 2028),France,2028,11.91,capacity_market_offset,high,2603.25874v1.pdf
SC-SYN-0309,Synthetic electricity-carbon scenario 0309 (Spain 2029),Spain,2029,5.23,green_certificate,low,2603.25874v1.pdf
SC-SYN-0310,Synthetic electricity-carbon scenario 0310 (Italy 2020),Italy,2020,10.48,settlement_deduction,medium,2603.25874v1.pdf
SC-SYN-0311,Synthetic electricity-carbon scenario 0311 (Poland 2021),Poland,2021,0.0,hard_threshold,high,2603.25874v1.pdf
SC-SYN-0312,Synthetic electricity-carbon scenario 0312 (EU 2022),EU,2022,0.0,linear_ramp,low,2603.25874v1.pdf
SC-SYN-0313,Synthetic electricity-carbon scenario 0313 (Netherlands 2023),Netherlands,2023,2.21,capacity_market_offset,medium,2603.25874v1.pdf
SC-SYN-0314,Synthetic electricity-carbon scenario 0314 (Belgium 2024),Belgium,2024,9.4,green_certificate,high,2603.25874v1.pdf
SC-SYN-0315,Synthetic electricity-carbon scenario 0315 (Austria 2025),Austria,2025,8.85,settlement_deduction,low,2603.25874v1.pdf
SC-SYN-0316,Synthetic electricity-carbon scenario 0316 (Germany 2026),Germany,2026,0.0,hard_threshold,medium,2603.25874v1.pdf
SC-SYN-0317,Synthetic electricity-carbon scenario 0317 (France 2027),France,2027,0.0,linear_ramp,high,2603.25874v1.pdf
SC-SYN-0318,Synthetic electricity-carbon scenario 0318 (Spain 2028),Spain,2028,1.26,capacity_market_offset,low,2603.25874v1.pdf
SC-SYN-0319,Synthetic electricity-carbon scenario 0319 (Italy 2029),Italy,2029,4.15,green_certificate,medium,2603.25874v1.pdf
SC-SYN-0320,Synthetic electricity-carbon scenario 0320 (Poland 2020),Poland,2020,1.24,settlement_deduction,high,2603.25874v1.pdf
SC-SYN-0321,Synthetic electricity-carbon scenario 0321 (EU 2021),EU,2021,0.0,hard_threshold,low,2603.25874v1.pdf
SC-SYN-0322,Synthetic electricity-carbon scenario 0322 (Netherlands 2022),Netherlands,2022,0.0,linear_ramp,medium,2603.25874v1.pdf
SC-SYN-0323,Synthetic electricity-carbon scenario 0323 (Belgium 2023),Belgium,2023,4.26,capacity_market_offset,high,2603.25874v1.pdf
SC-SYN-0324,Synthetic electricity-carbon scenario 0324 (Austria 2024),Austria,2024,8.56,green_certificate,low,2603.25874v1.pdf
SC-SYN-0325,Synthetic electricity-carbon scenario 0325 (Germany 2025),Germany,2025,4.97,settlement_deduction,medium,2603.25874v1.pdf
SC-SYN-0326,Synthetic electricity-carbon scenario 0326 (France 2026),France,2026,0.0,hard_threshold,high,2603.25874v1.pdf
SC-SYN-0327,Synthetic electricity-carbon scenario 0327 (Spain 2027),Spain,2027,0.0,linear_ramp,low,2603.25874v1.pdf
SC-SYN-0328,Synthetic electricity-carbon scenario 0328 (Italy 2028),Italy,2028,1.74,capacity_market_offset,medium,2603.25874v1.pdf
SC-SYN-0329,Synthetic electricity-carbon scenario 0329 (Poland 2029),Poland,2029,5.17,green_certificate,high,2603.25874v1.pdf
SC-SYN-0330,Synthetic electricity-carbon scenario 0330 (EU 2020),EU,2020,9.58,settlement_deduction,low,2603.25874v1.pdf
SC-SYN-0331,Synthetic electricity-carbon scenario 0331 (Netherlands 2021),Netherlands,2021,0.0,hard_threshold,medium,2603.25874v1.pdf
SC-SYN-0332,Synthetic electricity-carbon scenario 0332 (Belgium 2022),Belgium,2022,0.0,linear_ramp,high,2603.25874v1.pdf
SC-SYN-0333,Synthetic electricity-carbon scenario 0333 (Austria 2023),Austria,2023,3.21,capacity_market_offset,low,2603.25874v1.pdf
SC-SYN-0334,Synthetic electricity-carbon scenario 0334 (Germany 2024),Germany,2024,6.47,green_certificate,medium,2603.25874v1.pdf
SC-SYN-0335,Synthetic electricity-carbon scenario 0335 (France 2025),France,2025,1.12,settlement_deduction,high,2603.25874v1.pdf
SC-SYN-0336,Synthetic electricity-carbon scenario 0336 (Spain 2026),Spain,2026,0.0,hard_threshold,low,2603.25874v1.pdf
SC-SYN-0337,Synthetic electricity-carbon scenario 0337 (Italy 2027),Italy,2027,0.0,linear_ramp,medium,2603.25874v1.pdf
SC-SYN-0338,Synthetic electricity-carbon scenario 0338 (Poland 2028),Poland,2028,5.05,capacity_market_offset,high,2603.25874v1.pdf
SC-SYN-0339,Synthetic electricity-carbon scenario 0339 (EU 2029),EU,2029,4.31,green_certificate,low,2603.25874v1.pdf
SC-SYN-0340,Synthetic electricity-carbon scenario 0340 (Netherlands 2020),Netherlands,2020,10.48,settlement_deduction,medium,2603.25874v1.pdf
SC-SYN-0341,Synthetic electricity-carbon scenario 0341 (Belgium 2021),Belgium,2021,0.0,hard_threshold,high,2603.25874v1.pdf
SC-SYN-0342,Synthetic electricity-carbon scenario 0342 (Austria 2022),Austria,2022,0.0,linear_ramp,low,2603.25874v1.pdf
SC-SYN-0343,Synthetic electricity-carbon scenario 0343 (Germany 2023),Germany,2023,7.37,capacity_market_offset,medium,2603.25874v1.pdf
SC-SYN-0344,Synthetic electricity-carbon scenario 0344 (France 2024),France,2024,11.32,green_certificate,high,2603.25874v1.pdf
SC-SYN-0345,Synthetic electricity-carbon scenario 0345 (Spain 2025),Spain,2025,6.2,settlement_deduction,low,2603.25874v1.pdf
SC-SYN-0346,Synthetic electricity-carbon scenario 0346 (Italy 2026),Italy,2026,0.0,hard_threshold,medium,2603.25874v1.pdf
SC-SYN-0347,Synthetic electricity-carbon scenario 0347 (Poland 2027),Poland,2027,0.0,linear_ramp,high,2603.25874v1.pdf
SC-SYN-0348,Synthetic electricity-carbon scenario 0348 (EU 2028),EU,2028,8.5,capacity_market_offset,low,2603.25874v1.pdf
SC-SYN-0349,Synthetic electricity-carbon scenario 0349 (Netherlands 2029),Netherlands,2029,8.61,green_certificate,medium,2603.25874v1.pdf
SC-SYN-0350,Synthetic electricity-carbon scenario 0350 (Belgium 2020),Belgium,2020,7.83,settlement_deduction,high,2603.25874v1.pdf
SC-SYN-0351,Synthetic electricity-carbon scenario 0351 (Austria 2021),Austria,2021,0.0,hard_threshold,low,2603.25874v1.pdf
SC-SYN-0352,Synthetic electricity-carbon scenario 0352 (Germany 2022),Germany,2022,0.0,linear_ramp,medium,2603.25874v1.pdf
SC-SYN-0353,Synthetic electricity-carbon scenario 0353 (France 2023),France,2023,3.99,capacity_market_offset,high,2603.25874v1.pdf
SC-SYN-0354,Synthetic electricity-carbon scenario 0354 (Spain 2024),Spain,2024,3.85,green_certificate,low,2603.25874v1.pdf
SC-SYN-0355,Synthetic electricity-carbon scenario 0355 (Italy 2025),Italy,2025,6.02,settlement_deduction,medium,2603.25874v1.pdf
SC-SYN-0356,Synthetic electricity-carbon scenario 0356 (Poland 2026),Poland,2026,0.0,hard_threshold,high,2603.25874v1.pdf
SC-SYN-0357,Synthetic electricity-carbon scenario 0357 (EU 2027),EU,2027,0.0,linear_ramp,low,2603.25874v1.pdf
SC-SYN-0358,Synthetic electricity-carbon scenario 0358 (Netherlands 2028),Netherlands,2028,3.81,capacity_market_offset,medium,2603.25874v1.pdf
SC-SYN-0359,Synthetic electricity-carbon scenario 0359 (Belgium 2029),Belgium,2029,7.44,green_certificate,high,2603.25874v1.pdf
SC-SYN-0360,Synthetic electricity-carbon scenario 0360 (Austria 2020),Austria,2020,1.5,settlement_deduction,low,2603.25874v1.pdf
SC-SYN-0361,Synthetic electricity-carbon scenario 0361 (Germany 2021),Germany,2021,0.0,hard_threshold,medium,2603.25874v1.pdf
SC-SYN-0362,Synthetic electricity-carbon scenario 0362 (France 2022),France,2022,0.0,linear_ramp,high,2603.25874v1.pdf
SC-SYN-0363,Synthetic electricity-carbon scenario 0363 (Spain 2023),Spain,2023,1.05,capacity_market_offset,low,2603.25874v1.pdf
SC-SYN-0364,Synthetic electricity-carbon scenario 0364 (Italy 2024),Italy,2024,11.26,green_certificate,medium,2603.25874v1.pdf
SC-SYN-0365,Synthetic electricity-carbon scenario 0365 (Poland 2025),Poland,2025,6.98,settlement_deduction,high,2603.25874v1.pdf
SC-SYN-0366,Synthetic electricity-carbon scenario 0366 (EU 2026),EU,2026,0.0,hard_threshold,low,2603.25874v1.pdf
SC-SYN-0367,Synthetic electricity-carbon scenario 0367 (Netherlands 2027),Netherlands,2027,0.0,linear_ramp,medium,2603.25874v1.pdf
SC-SYN-0368,Synthetic electricity-carbon scenario 0368 (Belgium 2028),Belgium,2028,3.42,capacity_market_offset,high,2603.25874v1.pdf
SC-SYN-0369,Synthetic electricity-carbon scenario 0369 (Austria 2029),Austria,2029,1.54,green_certificate,low,2603.25874v1.pdf
SC-SYN-0370,Synthetic electricity-carbon scenario 0370 (Germany 2020),Germany,2020,3.34,settlement_deduction,medium,2603.25874v1.pdf
SC-SYN-0371,Synthetic electricity-carbon scenario 0371 (France 2021),France,2021,0.0,hard_threshold,high,2603.25874v1.pdf
SC-SYN-0372,Synthetic electricity-carbon scenario 0372 (Spain 2022),Spain,2022,0.0,linear_ramp,low,2603.25874v1.pdf
SC-SYN-0373,Synthetic electricity-carbon scenario 0373 (Italy 2023),Italy,2023,5.84,capacity_market_offset,medium,2603.25874v1.pdf
SC-SYN-0374,Synthetic electricity-carbon scenario 0374 (Poland 2024),Poland,2024,3.49,green_certificate,high,2603.25874v1.pdf
SC-SYN-0375,Synthetic electricity-carbon scenario 0375 (EU 2025),EU,2025,1.11,settlement_deduction,low,2603.25874v1.pdf
SC-SYN-0376,Synthetic electricity-carbon scenario 0376 (Netherlands 2026),Netherlands,2026,0.0,hard_threshold,medium,2603.25874v1.pdf
SC-SYN-0377,Synthetic electricity-carbon scenario 0377 (Belgium 2027),Belgium,2027,0.0,linear_ramp,high,2603.25874v1.pdf
SC-SYN-0378,Synthetic electricity-carbon scenario 0378 (Austria 2028),Austria,2028,3.89,capacity_market_offset,low,2603.25874v1.pdf
SC-SYN-0379,Synthetic electricity-carbon scenario 0379 (Germany 2029),Germany,2029,9.32,green_certificate,medium,2603.25874v1.pdf
SC-SYN-0380,Synthetic electricity-carbon scenario 0380 (France 2020),France,2020,11.29,settlement_deduction,high,2603.25874v1.pdf
SC-SYN-0381,Synthetic electricity-carbon scenario 0381 (Spain 2021),Spain,2021,0.0,hard_threshold,low,2603.25874v1.pdf
SC-SYN-0382,Synthetic electricity-carbon scenario 0382 (Italy 2022),Italy,2022,0.0,linear_ramp,medium,2603.25874v1.pdf
SC-SYN-0383,Synthetic electricity-carbon scenario 0383 (Poland 2023),Poland,2023,8.31,capacity_market_offset,high,2603.25874v1.pdf
SC-SYN-0384,Synthetic electricity-carbon scenario 0384 (EU 2024),EU,2024,2.99,green_certificate,low,2603.25874v1.pdf
SC-SYN-0385,Synthetic electricity-carbon scenario 0385 (Netherlands 2025),Netherlands,2025,0.98,settlement_deduction,medium,2603.25874v1.pdf
SC-SYN-0386,Synthetic electricity-carbon scenario 0386 (Belgium 2026),Belgium,2026,0.0,hard_threshold,high,2603.25874v1.pdf
SC-SYN-0387,Synthetic electricity-carbon scenario 0387 (Austria 2027),Austria,2027,0.0,linear_ramp,low,2603.25874v1.pdf
SC-SYN-0388,Synthetic electricity-carbon scenario 0388 (Germany 2028),Germany,2028,3.44,capacity_market_offset,medium,2603.25874v1.pdf
SC-SYN-0389,Synthetic electricity-carbon scenario 0389 (France 2029),France,2029,0.54,green_certificate,high,2603.25874v1.pdf
SC-SYN-0390,Synthetic electricity-carbon scenario 0390 (Spain 2020),Spain,2020,11.66,settlement_deduction,low,2603.25874v1.pdf
SC-SYN-0391,Synthetic electricity-carbon scenario 0391 (Italy 2021),Italy,2021,0.0,hard_threshold,medium,2603.25874v1.pdf
SC-SYN-0392,Synthetic electricity-carbon scenario 0392 (Poland 2022),Poland,2022,0.0,linear_ramp,high,2603.25874v1.pdf
SC-SYN-0393,Synthetic electricity-carbon scenario 0393 (EU 2023),EU,2023,2.0,capacity_market_offset,low,2603.25874v1.pdf
SC-SYN-0394,Synthetic electricity-carbon scenario 0394 (Netherlands 2024),Netherlands,2024,8.46,green_certificate,medium,2603.25874v1.pdf
SC-SYN-0395,Synthetic electricity-carbon scenario 0395 (Belgium 2025),Belgium,2025,11.7,settlement_deduction,high,2603.25874v1.pdf
SC-SYN-0396,Synthetic electricity-carbon scenario 0396 (Austria 2026),Austria,2026,0.0,hard_threshold,low,2603.25874v1.pdf
SC-SYN-0397,Synthetic electricity-carbon scenario 0397 (Germany 2027),Germany,2027,0.0,linear_ramp,medium,2603.25874v1.pdf
SC-SYN-0398,Synthetic electricity-carbon scenario 0398 (France 2028),France,2028,1.8,capacity_market_offset,high,2603.25874v1.pdf
SC-SYN-0399,Synthetic electricity-carbon scenario 0399 (Spain 2029),Spain,2029,2.66,green_certificate,low,2603.25874v1.pdf
SC-SYN-0400,Synthetic electricity-carbon scenario 0400 (Italy 2020),Italy,2020,4.67,settlement_deduction,medium,2603.25874v1.pdf
SC-SYN-0401,Synthetic electricity-carbon scenario 0401 (Poland 2021),Poland,2021,0.0,hard_threshold,high,2603.25874v1.pdf
SC-SYN-0402,Synthetic electricity-carbon scenario 0402 (EU 2022),EU,2022,0.0,linear_ramp,low,2603.25874v1.pdf
SC-SYN-0403,Synthetic electricity-carbon scenario 0403 (Netherlands 2023),Netherlands,2023,3.1,capacity_market_offset,medium,2603.25874v1.pdf
SC-SYN-0404,Synthetic electricity-carbon scenario 0404 (Belgium 2024),Belgium,2024,3.75,green_certificate,high,2603.25874v1.pdf
SC-SYN-0405,Synthetic electricity-carbon scenario 0405 (Austria 2025),Austria,2025,9.19,settlement_deduction,low,2603.25874v1.pdf
SC-SYN-0406,Synthetic electricity-carbon scenario 0406 (Germany 2026),Germany,2026,0.0,hard_threshold,medium,2603.25874v1.pdf
SC-SYN-0407,Synthetic electricity-carbon scenario 0407 (France 2027),France,2027,0.0,linear_ramp,high,2603.25874v1.pdf
SC-SYN-0408,Synthetic electricity-carbon scenario 0408 (Spain 2028),Spain,2028,2.26,capacity_market_offset,low,2603.25874v1.pdf
SC-SYN-0409,Synthetic electricity-carbon scenario 0409 (Italy 2029),Italy,2029,5.83,green_certificate,medium,2603.25874v1.pdf
SC-SYN-0410,Synthetic electricity-carbon scenario 0410 (Poland 2020),Poland,2020,10.19,settlement_deduction,high,2603.25874v1.pdf
SC-SYN-0411,Synthetic electricity-carbon scenario 0411 (EU 2021),EU,2021,0.0,hard_threshold,low,2603.25874v1.pdf
SC-SYN-0412,Synthetic electricity-carbon scenario 0412 (Netherlands 2022),Netherlands,2022,0.0,linear_ramp,medium,2603.25874v1.pdf
SC-SYN-0413,Synthetic electricity-carbon scenario 0413 (Belgium 2023),Belgium,2023,11.1,capacity_market_offset,high,2603.25874v1.pdf
SC-SYN-0414,Synthetic electricity-carbon scenario 0414 (Austria 2024),Austria,2024,4.63,green_certificate,low,2603.25874v1.pdf
SC-SYN-0415,Synthetic electricity-carbon scenario 0415 (Germany 2025),Germany,2025,8.12,settlement_deduction,medium,2603.25874v1.pdf
SC-SYN-0416,Synthetic electricity-carbon scenario 0416 (France 2026),France,2026,0.0,hard_threshold,high,2603.25874v1.pdf
SC-SYN-0417,Synthetic electricity-carbon scenario 0417 (Spain 2027),Spain,2027,0.0,linear_ramp,low,2603.25874v1.pdf
SC-SYN-0418,Synthetic electricity-carbon scenario 0418 (Italy 2028),Italy,2028,2.13,capacity_market_offset,medium,2603.25874v1.pdf
SC-SYN-0419,Synthetic electricity-carbon scenario 0419 (Poland 2029),Poland,2029,0.52,green_certificate,high,2603.25874v1.pdf
SC-SYN-0420,Synthetic electricity-carbon scenario 0420 (EU 2020),EU,2020,10.21,settlement_deduction,low,2603.25874v1.pdf
SC-SYN-0421,Synthetic electricity-carbon scenario 0421 (Netherlands 2021),Netherlands,2021,0.0,hard_threshold,medium,2603.25874v1.pdf
SC-SYN-0422,Synthetic electricity-carbon scenario 0422 (Belgium 2022),Belgium,2022,0.0,linear_ramp,high,2603.25874v1.pdf
SC-SYN-0423,Synthetic electricity-carbon scenario 0423 (Austria 2023),Austria,2023,5.6,capacity_market_offset,low,2603.25874v1.pdf
SC-SYN-0424,Synthetic electricity-carbon scenario 0424 (Germany 2024),Germany,2024,1.05,green_certificate,medium,2603.25874v1.pdf
SC-SYN-0425,Synthetic electricity-carbon scenario 0425 (France 2025),France,2025,2.79,settlement_deduction,high,2603.25874v1.pdf
SC-SYN-0426,Synthetic electricity-carbon scenario 0426 (Spain 2026),Spain,2026,0.0,hard_threshold,low,2603.25874v1.pdf
SC-SYN-0427,Synthetic electricity-carbon scenario 0427 (Italy 2027),Italy,2027,0.0,linear_ramp,medium,2603.25874v1.pdf
SC-SYN-0428,Synthetic electricity-carbon scenario 0428 (Poland 2028),Poland,2028,9.36,capacity_market_offset,high,2603.25874v1.pdf
SC-SYN-0429,Synthetic electricity-carbon scenario 0429 (EU 2029),EU,2029,11.77,green_certificate,low,2603.25874v1.pdf
SC-SYN-0430,Synthetic electricity-carbon scenario 0430 (Netherlands 2020),Netherlands,2020,4.9,settlement_deduction,medium,2603.25874v1.pdf
SC-SYN-0431,Synthetic electricity-carbon scenario 0431 (Belgium 2021),Belgium,2021,0.0,hard_threshold,high,2603.25874v1.pdf
SC-SYN-0432,Synthetic electricity-carbon scenario 0432 (Austria 2022),Austria,2022,0.0,linear_ramp,low,2603.25874v1.pdf
SC-SYN-0433,Synthetic electricity-carbon scenario 0433 (Germany 2023),Germany,2023,5.44,capacity_market_offset,medium,2603.25874v1.pdf
SC-SYN-0434,Synthetic electricity-carbon scenario 0434 (France 2024),France,2024,4.41,green_certificate,high,2603.25874v1.pdf
SC-SYN-0435,Synthetic electricity-carbon scenario 0435 (Spain 2025),Spain,2025,4.64,settlement_deduction,low,2603.25874v1.pdf
SC-SYN-0436,Synthetic electricity-carbon scenario 0436 (Italy 2026),Italy,2026,0.0,hard_threshold,medium,2603.25874v1.pdf
SC-SYN-0437,Synthetic electricity-carbon scenario 0437 (Poland 2027),Poland,2027,0.0,linear_ramp,high,2603.25874v1.pdf
SC-SYN-0438,Synthetic electricity-carbon scenario 0438 (EU 2028),EU,2028,10.39,capacity_market_offset,low,2603.25874v1.pdf
SC-SYN-0439,Synthetic electricity-carbon scenario 0439 (Netherlands 2029),Netherlands,2029,8.53,green_certificate,medium,2603.25874v1.pdf
SC-SYN-0440,Synthetic electricity-carbon scenario 0440 (Belgium 2020),Belgium,2020,3.71,settlement_deduction,high,2603.25874v1.pdf
SC-SYN-0441,Synthetic electricity-carbon scenario 0441 (Austria 2021),Austria,2021,0.0,hard_threshold,low,2603.25874v1.pdf
SC-SYN-0442,Synthetic electricity-carbon scenario 0442 (Germany 2022),Germany,2022,0.0,linear_ramp,medium,2603.25874v1.pdf
SC-SYN-0443,Synthetic electricity-carbon scenario 0443 (France 2023),France,2023,4.59,capacity_market_offset,high,2603.25874v1.pdf
SC-SYN-0444,Synthetic electricity-carbon scenario 0444 (Spain 2024),Spain,2024,7.33,green_certificate,low,2603.25874v1.pdf
SC-SYN-0445,Synthetic electricity-carbon scenario 0445 (Italy 2025),Italy,2025,8.27,settlement_deduction,medium,2603.25874v1.pdf
SC-SYN-0446,Synthetic electricity-carbon scenario 0446 (Poland 2026),Poland,2026,0.0,hard_threshold,high,2603.25874v1.pdf
SC-SYN-0447,Synthetic electricity-carbon scenario 0447 (EU 2027),EU,2027,0.0,linear_ramp,low,2603.25874v1.pdf
SC-SYN-0448,Synthetic electricity-carbon scenario 0448 (Netherlands 2028),Netherlands,2028,8.35,capacity_market_offset,medium,2603.25874v1.pdf
SC-SYN-0449,Synthetic electricity-carbon scenario 0449 (Belgium 2029),Belgium,2029,4.5,green_certificate,high,2603.25874v1.pdf
SC-SYN-0450,Synthetic electricity-carbon scenario 0450 (Austria 2020),Austria,2020,10.3,settlement_deduction,low,2603.25874v1.pdf
SC-SYN-0451,Synthetic electricity-carbon scenario 0451 (Germany 2021),Germany,2021,0.0,hard_threshold,medium,2603.25874v1.pdf
SC-SYN-0452,Synthetic electricity-carbon scenario 0452 (France 2022),France,2022,0.0,linear_ramp,high,2603.25874v1.pdf
SC-SYN-0453,Synthetic electricity-carbon scenario 0453 (Spain 2023),Spain,2023,1.69,capacity_market_offset,low,2603.25874v1.pdf
SC-SYN-0454,Synthetic electricity-carbon scenario 0454 (Italy 2024),Italy,2024,11.27,green_certificate,medium,2603.25874v1.pdf
SC-SYN-0455,Synthetic electricity-carbon scenario 0455 (Poland 2025),Poland,2025,7.93,settlement_deduction,high,2603.25874v1.pdf
SC-SYN-0456,Synthetic electricity-carbon scenario 0456 (EU 2026),EU,2026,0.0,hard_threshold,low,2603.25874v1.pdf
SC-SYN-0457,Synthetic electricity-carbon scenario 0457 (Netherlands 2027),Netherlands,2027,0.0,linear_ramp,medium,2603.25874v1.pdf
SC-SYN-0458,Synthetic electricity-carbon scenario 0458 (Belgium 2028),Belgium,2028,0.82,capacity_market_offset,high,2603.25874v1.pdf
SC-SYN-0459,Synthetic electricity-carbon scenario 0459 (Austria 2029),Austria,2029,9.2,green_certificate,low,2603.25874v1.pdf
SC-SYN-0460,Synthetic electricity-carbon scenario 0460 (Germany 2020),Germany,2020,6.76,settlement_deduction,medium,2603.25874v1.pdf
SC-SYN-0461,Synthetic electricity-carbon scenario 0461 (France 2021),France,2021,0.0,hard_threshold,high,2603.25874v1.pdf
SC-SYN-0462,Synthetic electricity-carbon scenario 0462 (Spain 2022),Spain,2022,0.0,linear_ramp,low,2603.25874v1.pdf
SC-SYN-0463,Synthetic electricity-carbon scenario 0463 (Italy 2023),Italy,2023,3.35,capacity_market_offset,medium,2603.25874v1.pdf
SC-SYN-0464,Synthetic electricity-carbon scenario 0464 (Poland 2024),Poland,2024,4.16,green_certificate,high,2603.25874v1.pdf
SC-SYN-0465,Synthetic electricity-carbon scenario 0465 (EU 2025),EU,2025,1.41,settlement_deduction,low,2603.25874v1.pdf
SC-SYN-0466,Synthetic electricity-carbon scenario 0466 (Netherlands 2026),Netherlands,2026,0.0,hard_threshold,medium,2603.25874v1.pdf
SC-SYN-0467,Synthetic electricity-carbon scenario 0467 (Belgium 2027),Belgium,2027,0.0,linear_ramp,high,2603.25874v1.pdf
SC-SYN-0468,Synthetic electricity-carbon scenario 0468 (Austria 2028),Austria,2028,9.55,capacity_market_offset,low,2603.25874v1.pdf
SC-SYN-0469,Synthetic electricity-carbon scenario 0469 (Germany 2029),Germany,2029,8.03,green_certificate,medium,2603.25874v1.pdf
SC-SYN-0470,Synthetic electricity-carbon scenario 0470 (France 2020),France,2020,3.41,settlement_deduction,high,2603.25874v1.pdf
SC-SYN-0471,Synthetic electricity-carbon scenario 0471 (Spain 2021),Spain,2021,0.0,hard_threshold,low,2603.25874v1.pdf
SC-SYN-0472,Synthetic electricity-carbon scenario 0472 (Italy 2022),Italy,2022,0.0,linear_ramp,medium,2603.25874v1.pdf
SC-SYN-0473,Synthetic electricity-carbon scenario 0473 (Poland 2023),Poland,2023,6.0,capacity_market_offset,high,2603.25874v1.pdf
SC-SYN-0474,Synthetic electricity-carbon scenario 0474 (EU 2024),EU,2024,5.97,green_certificate,low,2603.25874v1.pdf
SC-SYN-0475,Synthetic electricity-carbon scenario 0475 (Netherlands 2025),Netherlands,2025,6.8,settlement_deduction,medium,2603.25874v1.pdf
SC-SYN-0476,Synthetic electricity-carbon scenario 0476 (Belgium 2026),Belgium,2026,0.0,hard_threshold,high,2603.25874v1.pdf
SC-SYN-0477,Synthetic electricity-carbon scenario 0477 (Austria 2027),Austria,2027,0.0,linear_ramp,low,2603.25874v1.pdf
SC-SYN-0478,Synthetic electricity-carbon scenario 0478 (Germany 2028),Germany,2028,4.29,capacity_market_offset,medium,2603.25874v1.pdf
SC-SYN-0479,Synthetic electricity-carbon scenario 0479 (France 2029),France,2029,6.78,green_certificate,high,2603.25874v1.pdf
SC-SYN-0480,Synthetic electricity-carbon scenario 0480 (Spain 2020),Spain,2020,8.1,settlement_deduction,low,2603.25874v1.pdf
SC-SYN-0481,Synthetic electricity-carbon scenario 0481 (Italy 2021),Italy,2021,0.0,hard_threshold,medium,2603.25874v1.pdf
SC-SYN-0482,Synthetic electricity-carbon scenario 0482 (Poland 2022),Poland,2022,0.0,linear_ramp,high,2603.25874v1.pdf
SC-SYN-0483,Synthetic electricity-carbon scenario 0483 (EU 2023),EU,2023,2.15,capacity_market_offset,low,2603.25874v1.pdf
SC-SYN-0484,Synthetic electricity-carbon scenario 0484 (Netherlands 2024),Netherlands,2024,8.14,green_certificate,medium,2603.25874v1.pdf
SC-SYN-0485,Synthetic electricity-carbon scenario 0485 (Belgium 2025),Belgium,2025,1.06,settlement_deduction,high,2603.25874v1.pdf
SC-SYN-0486,Synthetic electricity-carbon scenario 0486 (Austria 2026),Austria,2026,0.0,hard_threshold,low,2603.25874v1.pdf
SC-SYN-0487,Synthetic electricity-carbon scenario 0487 (Germany 2027),Germany,2027,0.0,linear_ramp,medium,2603.25874v1.pdf
SC-SYN-0488,Synthetic electricity-carbon scenario 0488 (France 2028),France,2028,6.19,capacity_market_offset,high,2603.25874v1.pdf
SC-SYN-0489,Synthetic electricity-carbon scenario 0489 (Spain 2029),Spain,2029,3.5,green_certificate,low,2603.25874v1.pdf
SC-SYN-0490,Synthetic electricity-carbon scenario 0490 (Italy 2020),Italy,2020,7.83,settlement_deduction,medium,2603.25874v1.pdf
SC-SYN-0491,Synthetic electricity-carbon scenario 0491 (Poland 2021),Poland,2021,0.0,hard_threshold,high,2603.25874v1.pdf
SC-SYN-0492,Synthetic electricity-carbon scenario 0492 (EU 2022),EU,2022,0.0,linear_ramp,low,2603.25874v1.pdf
SC-SYN-0493,Synthetic electricity-carbon scenario 0493 (Netherlands 2023),Netherlands,2023,11.89,capacity_market_offset,medium,2603.25874v1.pdf
SC-SYN-0494,Synthetic electricity-carbon scenario 0494 (Belgium 2024),Belgium,2024,4.89,green_certificate,high,2603.25874v1.pdf
SC-SYN-0495,Synthetic electricity-carbon scenario 0495 (Austria 2025),Austria,2025,1.01,settlement_deduction,low,2603.25874v1.pdf
