practice_id,practice_name,crop_system,ch4_reduction_min_pct,ch4_reduction_max_pct,water_saving_min_pct,water_saving_max_pct,soil_carbon_benefit,mrv_intensity,source_doc
PR-AWD,Alternate Wetting and Drying (AWD),rice,30.0,50.0,20.0,30.0,Improved aeration reduces continuous anaerobic methanogenesis,high,2603.20674v1.pdf
PR-SRI,System of Rice Intensification (SRI),rice,40.0,60.0,25.0,50.0,Soil carbon sequestration reported around 12.58 to 49.51 tCO2e/ha in survey evidence,high,2603.20674v1.pdf
PR-GCTB,Green Cane Trash Blanketing (GCTB),sugarcane,,,10.0,20.0,Retains green cane residue as a trash blanket; improves soil organic carbon and reduces burning-related emissions,medium,2603.20674v1.pdf
PR-CF,Carbon Farming,multi-crop,,,15.0,35.0,Portfolio of agricultural best practices for sequestration and emission reduction across cropland,high,2603.20674v1.pdf
PR-SYN-0001,Synthetic Mitigation Practice 0001,sugarcane,41.6,56.6,22.1,51.3,Synthetic soil-carbon note for practice 0001 under sugarcane,medium,2603.20674v1.pdf
PR-SYN-0002,Synthetic Mitigation Practice 0002,wheat,22.2,39.4,15.8,36.6,Synthetic soil-carbon note for practice 0002 under wheat,low,2603.20674v1.pdf
PR-SYN-0003,Synthetic Mitigation Practice 0003,maize,35.2,51.6,29.3,44.7,Synthetic soil-carbon note for practice 0003 under maize,high,2603.20674v1.pdf
PR-SYN-0004,Synthetic Mitigation Practice 0004,multi-crop,36.5,55.8,28.9,43.6,Synthetic soil-carbon note for practice 0004 under multi-crop,medium,2603.20674v1.pdf
PR-SYN-0005,Synthetic Mitigation Practice 0005,soy,28.2,42.8,28.8,52.0,Synthetic soil-carbon note for practice 0005 under soy,low,2603.20674v1.pdf
PR-SYN-0006,Synthetic Mitigation Practice 0006,cotton,28.9,45.6,24.8,43.6,Synthetic soil-carbon note for practice 0006 under cotton,high,2603.20674v1.pdf
PR-SYN-0007,Synthetic Mitigation Practice 0007,rice,26.8,40.1,19.6,47.7,Synthetic soil-carbon note for practice 0007 under rice,medium,2603.20674v1.pdf
PR-SYN-0008,Synthetic Mitigation Practice 0008,sugarcane,32.4,47.9,12.8,19.1,Synthetic soil-carbon note for practice 0008 under sugarcane,low,2603.20674v1.pdf
PR-SYN-0009,Synthetic Mitigation Practice 0009,wheat,7.9,28.7,20.3,42.5,Synthetic soil-carbon note for practice 0009 under wheat,high,2603.20674v1.pdf
PR-SYN-0010,Synthetic Mitigation Practice 0010,maize,38.6,49.9,15.9,26.2,Synthetic soil-carbon note for practice 0010 under maize,medium,2603.20674v1.pdf
PR-SYN-0011,Synthetic Mitigation Practice 0011,multi-crop,16.7,40.0,12.3,24.6,Synthetic soil-carbon note for practice 0011 under multi-crop,low,2603.20674v1.pdf
PR-SYN-0012,Synthetic Mitigation Practice 0012,soy,13.6,26.8,14.7,20.0,Synthetic soil-carbon note for practice 0012 under soy,high,2603.20674v1.pdf
PR-SYN-0013,Synthetic Mitigation Practice 0013,cotton,33.0,53.7,24.6,46.5,Synthetic soil-carbon note for practice 0013 under cotton,medium,2603.20674v1.pdf
PR-SYN-0014,Synthetic Mitigation Practice 0014,rice,6.8,26.2,26.9,46.7,Synthetic soil-carbon note for practice 0014 under rice,low,2603.20674v1.pdf
PR-SYN-0015,Synthetic Mitigation Practice 0015,sugarcane,35.0,40.4,16.1,39.2,Synthetic soil-carbon note for practice 0015 under sugarcane,high,2603.20674v1.pdf
PR-SYN-0016,Synthetic Mitigation Practice 0016,wheat,27.0,48.9,27.3,53.6,Synthetic soil-carbon note for practice 0016 under wheat,medium,2603.20674v1.pdf
PR-SYN-0017,Synthetic Mitigation Practice 0017,maize,,,18.1,44.7,Synthetic soil-carbon note for practice 0017 under maize,low,2603.20674v1.pdf
PR-SYN-0018,Synthetic Mitigation Practice 0018,multi-crop,20.0,36.0,8.7,31.0,Synthetic soil-carbon note for practice 0018 under multi-crop,high,2603.20674v1.pdf
PR-SYN-0019,Synthetic Mitigation Practice 0019,soy,21.5,31.7,27.5,45.6,Synthetic soil-carbon note for practice 0019 under soy,medium,2603.20674v1.pdf
PR-SYN-0020,Synthetic Mitigation Practice 0020,cotton,28.2,47.0,6.1,25.1,Synthetic soil-carbon note for practice 0020 under cotton,low,2603.20674v1.pdf
PR-SYN-0021,Synthetic Mitigation Practice 0021,rice,32.0,50.9,13.6,19.3,Synthetic soil-carbon note for practice 0021 under rice,high,2603.20674v1.pdf
PR-SYN-0022,Synthetic Mitigation Practice 0022,sugarcane,34.8,48.0,17.2,28.5,Synthetic soil-carbon note for practice 0022 under sugarcane,medium,2603.20674v1.pdf
PR-SYN-0023,Synthetic Mitigation Practice 0023,wheat,31.4,48.5,8.9,18.4,Synthetic soil-carbon note for practice 0023 under wheat,low,2603.20674v1.pdf
PR-SYN-0024,Synthetic Mitigation Practice 0024,maize,34.7,52.7,23.5,39.1,Synthetic soil-carbon note for practice 0024 under maize,high,2603.20674v1.pdf
PR-SYN-0025,Synthetic Mitigation Practice 0025,multi-crop,38.4,44.2,9.6,16.4,Synthetic soil-carbon note for practice 0025 under multi-crop,medium,2603.20674v1.pdf
PR-SYN-0026,Synthetic Mitigation Practice 0026,soy,40.6,62.4,13.4,42.4,Synthetic soil-carbon note for practice 0026 under soy,low,2603.20674v1.pdf
PR-SYN-0027,Synthetic Mitigation Practice 0027,cotton,32.5,38.5,16.1,31.7,Synthetic soil-carbon note for practice 0027 under cotton,high,2603.20674v1.pdf
PR-SYN-0028,Synthetic Mitigation Practice 0028,rice,10.4,16.1,15.8,30.3,Synthetic soil-carbon note for practice 0028 under rice,medium,2603.20674v1.pdf
PR-SYN-0029,Synthetic Mitigation Practice 0029,sugarcane,20.1,43.3,20.4,34.3,Synthetic soil-carbon note for practice 0029 under sugarcane,low,2603.20674v1.pdf
PR-SYN-0030,Synthetic Mitigation Practice 0030,wheat,40.0,56.0,10.3,33.9,Synthetic soil-carbon note for practice 0030 under wheat,high,2603.20674v1.pdf
PR-SYN-0031,Synthetic Mitigation Practice 0031,maize,33.7,43.4,13.1,42.6,Synthetic soil-carbon note for practice 0031 under maize,medium,2603.20674v1.pdf
PR-SYN-0032,Synthetic Mitigation Practice 0032,multi-crop,34.4,54.8,23.7,37.7,Synthetic soil-carbon note for practice 0032 under multi-crop,low,2603.20674v1.pdf
PR-SYN-0033,Synthetic Mitigation Practice 0033,soy,13.5,35.2,7.4,14.7,Synthetic soil-carbon note for practice 0033 under soy,high,2603.20674v1.pdf
PR-SYN-0034,Synthetic Mitigation Practice 0034,cotton,,,23.7,30.2,Synthetic soil-carbon note for practice 0034 under cotton,medium,2603.20674v1.pdf
PR-SYN-0035,Synthetic Mitigation Practice 0035,rice,41.1,59.3,7.1,29.2,Synthetic soil-carbon note for practice 0035 under rice,low,2603.20674v1.pdf
PR-SYN-0036,Synthetic Mitigation Practice 0036,sugarcane,39.9,56.4,5.6,23.0,Synthetic soil-carbon note for practice 0036 under sugarcane,high,2603.20674v1.pdf
PR-SYN-0037,Synthetic Mitigation Practice 0037,wheat,38.7,49.8,14.0,24.8,Synthetic soil-carbon note for practice 0037 under wheat,medium,2603.20674v1.pdf
PR-SYN-0038,Synthetic Mitigation Practice 0038,maize,17.2,34.6,14.3,36.5,Synthetic soil-carbon note for practice 0038 under maize,low,2603.20674v1.pdf
PR-SYN-0039,Synthetic Mitigation Practice 0039,multi-crop,20.3,37.8,9.7,38.3,Synthetic soil-carbon note for practice 0039 under multi-crop,high,2603.20674v1.pdf
PR-SYN-0040,Synthetic Mitigation Practice 0040,soy,43.9,54.0,5.4,15.5,Synthetic soil-carbon note for practice 0040 under soy,medium,2603.20674v1.pdf
PR-SYN-0041,Synthetic Mitigation Practice 0041,cotton,39.5,64.2,9.3,23.1,Synthetic soil-carbon note for practice 0041 under cotton,low,2603.20674v1.pdf
PR-SYN-0042,Synthetic Mitigation Practice 0042,rice,37.3,50.8,7.8,37.0,Synthetic soil-carbon note for practice 0042 under rice,high,2603.20674v1.pdf
PR-SYN-0043,Synthetic Mitigation Practice 0043,sugarcane,9.0,24.5,13.5,22.6,Synthetic soil-carbon note for practice 0043 under sugarcane,medium,2603.20674v1.pdf
PR-SYN-0044,Synthetic Mitigation Practice 0044,wheat,14.3,20.5,17.4,44.9,Synthetic soil-carbon note for practice 0044 under wheat,low,2603.20674v1.pdf
PR-SYN-0045,Synthetic Mitigation Practice 0045,maize,20.9,36.6,11.1,27.4,Synthetic soil-carbon note for practice 0045 under maize,high,2603.20674v1.pdf
PR-SYN-0046,Synthetic Mitigation Practice 0046,multi-crop,32.6,46.2,14.4,42.5,Synthetic soil-carbon note for practice 0046 under multi-crop,medium,2603.20674v1.pdf
PR-SYN-0047,Synthetic Mitigation Practice 0047,soy,20.9,31.7,16.3,32.4,Synthetic soil-carbon note for practice 0047 under soy,low,2603.20674v1.pdf
PR-SYN-0048,Synthetic Mitigation Practice 0048,cotton,40.6,53.9,16.6,40.5,Synthetic soil-carbon note for practice 0048 under cotton,high,2603.20674v1.pdf
PR-SYN-0049,Synthetic Mitigation Practice 0049,rice,27.9,48.4,25.2,34.7,Synthetic soil-carbon note for practice 0049 under rice,medium,2603.20674v1.pdf
PR-SYN-0050,Synthetic Mitigation Practice 0050,sugarcane,33.9,53.4,22.8,39.6,Synthetic soil-carbon note for practice 0050 under sugarcane,low,2603.20674v1.pdf
PR-SYN-0051,Synthetic Mitigation Practice 0051,wheat,,,10.1,26.2,Synthetic soil-carbon note for practice 0051 under wheat,high,2603.20674v1.pdf
PR-SYN-0052,Synthetic Mitigation Practice 0052,maize,32.7,41.4,19.5,30.7,Synthetic soil-carbon note for practice 0052 under maize,medium,2603.20674v1.pdf
PR-SYN-0053,Synthetic Mitigation Practice 0053,multi-crop,34.1,54.1,15.1,28.9,Synthetic soil-carbon note for practice 0053 under multi-crop,low,2603.20674v1.pdf
PR-SYN-0054,Synthetic Mitigation Practice 0054,soy,29.2,38.2,7.6,15.6,Synthetic soil-carbon note for practice 0054 under soy,high,2603.20674v1.pdf
PR-SYN-0055,Synthetic Mitigation Practice 0055,cotton,37.5,59.9,17.6,22.9,Synthetic soil-carbon note for practice 0055 under cotton,medium,2603.20674v1.pdf
PR-SYN-0056,Synthetic Mitigation Practice 0056,rice,7.3,15.5,25.0,39.7,Synthetic soil-carbon note for practice 0056 under rice,low,2603.20674v1.pdf
PR-SYN-0057,Synthetic Mitigation Practice 0057,sugarcane,23.0,33.2,25.0,30.6,Synthetic soil-carbon note for practice 0057 under sugarcane,high,2603.20674v1.pdf
PR-SYN-0058,Synthetic Mitigation Practice 0058,wheat,18.7,35.0,22.7,42.8,Synthetic soil-carbon note for practice 0058 under wheat,medium,2603.20674v1.pdf
PR-SYN-0059,Synthetic Mitigation Practice 0059,maize,40.5,48.2,28.4,41.9,Synthetic soil-carbon note for practice 0059 under maize,low,2603.20674v1.pdf
PR-SYN-0060,Synthetic Mitigation Practice 0060,multi-crop,29.5,54.3,16.8,41.8,Synthetic soil-carbon note for practice 0060 under multi-crop,high,2603.20674v1.pdf
PR-SYN-0061,Synthetic Mitigation Practice 0061,soy,23.5,44.5,6.1,26.3,Synthetic soil-carbon note for practice 0061 under soy,medium,2603.20674v1.pdf
PR-SYN-0062,Synthetic Mitigation Practice 0062,cotton,34.4,52.7,26.0,50.4,Synthetic soil-carbon note for practice 0062 under cotton,low,2603.20674v1.pdf
PR-SYN-0063,Synthetic Mitigation Practice 0063,rice,27.6,36.8,20.6,27.9,Synthetic soil-carbon note for practice 0063 under rice,high,2603.20674v1.pdf
PR-SYN-0064,Synthetic Mitigation Practice 0064,sugarcane,6.0,14.0,21.2,41.6,Synthetic soil-carbon note for practice 0064 under sugarcane,medium,2603.20674v1.pdf
PR-SYN-0065,Synthetic Mitigation Practice 0065,wheat,35.2,42.3,22.2,38.1,Synthetic soil-carbon note for practice 0065 under wheat,low,2603.20674v1.pdf
PR-SYN-0066,Synthetic Mitigation Practice 0066,maize,36.0,55.2,24.7,32.3,Synthetic soil-carbon note for practice 0066 under maize,high,2603.20674v1.pdf
PR-SYN-0067,Synthetic Mitigation Practice 0067,multi-crop,30.1,46.8,24.4,36.0,Synthetic soil-carbon note for practice 0067 under multi-crop,medium,2603.20674v1.pdf
PR-SYN-0068,Synthetic Mitigation Practice 0068,soy,,,24.5,43.1,Synthetic soil-carbon note for practice 0068 under soy,low,2603.20674v1.pdf
PR-SYN-0069,Synthetic Mitigation Practice 0069,cotton,16.3,35.9,8.6,16.7,Synthetic soil-carbon note for practice 0069 under cotton,high,2603.20674v1.pdf
PR-SYN-0070,Synthetic Mitigation Practice 0070,rice,32.2,46.7,14.7,24.2,Synthetic soil-carbon note for practice 0070 under rice,medium,2603.20674v1.pdf
PR-SYN-0071,Synthetic Mitigation Practice 0071,sugarcane,15.2,31.8,7.9,20.3,Synthetic soil-carbon note for practice 0071 under sugarcane,low,2603.20674v1.pdf
PR-SYN-0072,Synthetic Mitigation Practice 0072,wheat,24.4,30.6,27.5,33.9,Synthetic soil-carbon note for practice 0072 under wheat,high,2603.20674v1.pdf
PR-SYN-0073,Synthetic Mitigation Practice 0073,maize,21.1,33.8,29.7,42.4,Synthetic soil-carbon note for practice 0073 under maize,medium,2603.20674v1.pdf
PR-SYN-0074,Synthetic Mitigation Practice 0074,multi-crop,5.1,27.4,9.9,16.1,Synthetic soil-carbon note for practice 0074 under multi-crop,low,2603.20674v1.pdf
PR-SYN-0075,Synthetic Mitigation Practice 0075,soy,26.2,35.6,17.8,35.4,Synthetic soil-carbon note for practice 0075 under soy,high,2603.20674v1.pdf
PR-SYN-0076,Synthetic Mitigation Practice 0076,cotton,28.2,39.4,29.2,52.6,Synthetic soil-carbon note for practice 0076 under cotton,medium,2603.20674v1.pdf
PR-SYN-0077,Synthetic Mitigation Practice 0077,rice,28.0,41.3,10.0,39.7,Synthetic soil-carbon note for practice 0077 under rice,low,2603.20674v1.pdf
PR-SYN-0078,Synthetic Mitigation Practice 0078,sugarcane,37.3,43.1,26.2,49.3,Synthetic soil-carbon note for practice 0078 under sugarcane,high,2603.20674v1.pdf
PR-SYN-0079,Synthetic Mitigation Practice 0079,wheat,5.8,11.0,17.9,29.3,Synthetic soil-carbon note for practice 0079 under wheat,medium,2603.20674v1.pdf
PR-SYN-0080,Synthetic Mitigation Practice 0080,maize,19.8,42.7,26.6,41.3,Synthetic soil-carbon note for practice 0080 under maize,low,2603.20674v1.pdf
PR-SYN-0081,Synthetic Mitigation Practice 0081,multi-crop,27.3,35.7,10.6,27.3,Synthetic soil-carbon note for practice 0081 under multi-crop,high,2603.20674v1.pdf
PR-SYN-0082,Synthetic Mitigation Practice 0082,soy,18.3,33.8,22.0,35.5,Synthetic soil-carbon note for practice 0082 under soy,medium,2603.20674v1.pdf
PR-SYN-0083,Synthetic Mitigation Practice 0083,cotton,38.1,53.3,17.5,33.0,Synthetic soil-carbon note for practice 0083 under cotton,low,2603.20674v1.pdf
PR-SYN-0084,Synthetic Mitigation Practice 0084,rice,23.2,47.1,12.2,19.6,Synthetic soil-carbon note for practice 0084 under rice,high,2603.20674v1.pdf
PR-SYN-0085,Synthetic Mitigation Practice 0085,sugarcane,,,5.6,34.0,Synthetic soil-carbon note for practice 0085 under sugarcane,medium,2603.20674v1.pdf
PR-SYN-0086,Synthetic Mitigation Practice 0086,wheat,23.7,46.0,18.8,25.3,Synthetic soil-carbon note for practice 0086 under wheat,low,2603.20674v1.pdf
PR-SYN-0087,Synthetic Mitigation Practice 0087,maize,27.7,45.9,23.1,32.7,Synthetic soil-carbon note for practice 0087 under maize,high,2603.20674v1.pdf
PR-SYN-0088,Synthetic Mitigation Practice 0088,multi-crop,40.0,48.9,17.8,43.7,Synthetic soil-carbon note for practice 0088 under multi-crop,medium,2603.20674v1.pdf
PR-SYN-0089,Synthetic Mitigation Practice 0089,soy,39.3,63.2,14.0,19.1,Synthetic soil-carbon note for practice 0089 under soy,low,2603.20674v1.pdf
PR-SYN-0090,Synthetic Mitigation Practice 0090,cotton,36.5,56.2,7.2,27.1,Synthetic soil-carbon note for practice 0090 under cotton,high,2603.20674v1.pdf
PR-SYN-0091,Synthetic Mitigation Practice 0091,rice,14.5,35.6,11.7,20.4,Synthetic soil-carbon note for practice 0091 under rice,medium,2603.20674v1.pdf
PR-SYN-0092,Synthetic Mitigation Practice 0092,sugarcane,42.9,48.5,18.2,40.9,Synthetic soil-carbon note for practice 0092 under sugarcane,low,2603.20674v1.pdf
PR-SYN-0093,Synthetic Mitigation Practice 0093,wheat,14.2,24.2,12.8,17.8,Synthetic soil-carbon note for practice 0093 under wheat,high,2603.20674v1.pdf
PR-SYN-0094,Synthetic Mitigation Practice 0094,maize,25.6,37.1,7.9,33.7,Synthetic soil-carbon note for practice 0094 under maize,medium,2603.20674v1.pdf
PR-SYN-0095,Synthetic Mitigation Practice 0095,multi-crop,31.6,36.7,7.4,18.0,Synthetic soil-carbon note for practice 0095 under multi-crop,low,2603.20674v1.pdf
PR-SYN-0096,Synthetic Mitigation Practice 0096,soy,40.4,46.3,16.2,28.5,Synthetic soil-carbon note for practice 0096 under soy,high,2603.20674v1.pdf
PR-SYN-0097,Synthetic Mitigation Practice 0097,cotton,42.8,64.6,27.5,36.8,Synthetic soil-carbon note for practice 0097 under cotton,medium,2603.20674v1.pdf
PR-SYN-0098,Synthetic Mitigation Practice 0098,rice,21.4,40.2,24.9,46.8,Synthetic soil-carbon note for practice 0098 under rice,low,2603.20674v1.pdf
PR-SYN-0099,Synthetic Mitigation Practice 0099,sugarcane,37.1,45.1,17.2,46.1,Synthetic soil-carbon note for practice 0099 under sugarcane,high,2603.20674v1.pdf
PR-SYN-0100,Synthetic Mitigation Practice 0100,wheat,30.7,45.1,21.2,47.3,Synthetic soil-carbon note for practice 0100 under wheat,medium,2603.20674v1.pdf
PR-SYN-0101,Synthetic Mitigation Practice 0101,maize,26.7,49.5,18.7,45.3,Synthetic soil-carbon note for practice 0101 under maize,low,2603.20674v1.pdf
PR-SYN-0102,Synthetic Mitigation Practice 0102,multi-crop,,,9.1,32.6,Synthetic soil-carbon note for practice 0102 under multi-crop,high,2603.20674v1.pdf
PR-SYN-0103,Synthetic Mitigation Practice 0103,soy,20.7,44.1,25.2,31.9,Synthetic soil-carbon note for practice 0103 under soy,medium,2603.20674v1.pdf
PR-SYN-0104,Synthetic Mitigation Practice 0104,cotton,42.5,65.6,18.5,45.2,Synthetic soil-carbon note for practice 0104 under cotton,low,2603.20674v1.pdf
PR-SYN-0105,Synthetic Mitigation Practice 0105,rice,29.1,40.7,9.8,18.1,Synthetic soil-carbon note for practice 0105 under rice,high,2603.20674v1.pdf
PR-SYN-0106,Synthetic Mitigation Practice 0106,sugarcane,39.9,51.1,26.2,49.6,Synthetic soil-carbon note for practice 0106 under sugarcane,medium,2603.20674v1.pdf
PR-SYN-0107,Synthetic Mitigation Practice 0107,wheat,15.8,35.6,16.4,37.5,Synthetic soil-carbon note for practice 0107 under wheat,low,2603.20674v1.pdf
PR-SYN-0108,Synthetic Mitigation Practice 0108,maize,8.7,31.5,21.5,37.5,Synthetic soil-carbon note for practice 0108 under maize,high,2603.20674v1.pdf
PR-SYN-0109,Synthetic Mitigation Practice 0109,multi-crop,21.6,44.0,7.3,12.5,Synthetic soil-carbon note for practice 0109 under multi-crop,medium,2603.20674v1.pdf
PR-SYN-0110,Synthetic Mitigation Practice 0110,soy,25.3,41.8,5.3,23.1,Synthetic soil-carbon note for practice 0110 under soy,low,2603.20674v1.pdf
PR-SYN-0111,Synthetic Mitigation Practice 0111,cotton,41.3,47.6,6.0,29.2,Synthetic soil-carbon note for practice 0111 under cotton,high,2603.20674v1.pdf
PR-SYN-0112,Synthetic Mitigation Practice 0112,rice,36.2,50.5,16.0,40.0,Synthetic soil-carbon note for practice 0112 under rice,medium,2603.20674v1.pdf
PR-SYN-0113,Synthetic Mitigation Practice 0113,sugarcane,40.9,59.0,11.9,23.4,Synthetic soil-carbon note for practice 0113 under sugarcane,low,2603.20674v1.pdf
PR-SYN-0114,Synthetic Mitigation Practice 0114,wheat,25.9,45.9,16.8,33.9,Synthetic soil-carbon note for practice 0114 under wheat,high,2603.20674v1.pdf
PR-SYN-0115,Synthetic Mitigation Practice 0115,maize,23.9,48.5,6.6,14.4,Synthetic soil-carbon note for practice 0115 under maize,medium,2603.20674v1.pdf
PR-SYN-0116,Synthetic Mitigation Practice 0116,multi-crop,39.3,48.0,14.2,26.4,Synthetic soil-carbon note for practice 0116 under multi-crop,low,2603.20674v1.pdf
PR-SYN-0117,Synthetic Mitigation Practice 0117,soy,6.8,20.7,12.1,33.8,Synthetic soil-carbon note for practice 0117 under soy,high,2603.20674v1.pdf
PR-SYN-0118,Synthetic Mitigation Practice 0118,cotton,25.9,33.6,18.5,33.8,Synthetic soil-carbon note for practice 0118 under cotton,medium,2603.20674v1.pdf
PR-SYN-0119,Synthetic Mitigation Practice 0119,rice,,,10.5,37.5,Synthetic soil-carbon note for practice 0119 under rice,low,2603.20674v1.pdf
PR-SYN-0120,Synthetic Mitigation Practice 0120,sugarcane,38.2,49.5,12.9,38.2,Synthetic soil-carbon note for practice 0120 under sugarcane,high,2603.20674v1.pdf
PR-SYN-0121,Synthetic Mitigation Practice 0121,wheat,31.9,56.7,12.0,24.1,Synthetic soil-carbon note for practice 0121 under wheat,medium,2603.20674v1.pdf
PR-SYN-0122,Synthetic Mitigation Practice 0122,maize,42.1,50.1,10.0,32.4,Synthetic soil-carbon note for practice 0122 under maize,low,2603.20674v1.pdf
PR-SYN-0123,Synthetic Mitigation Practice 0123,multi-crop,18.2,36.9,11.0,26.3,Synthetic soil-carbon note for practice 0123 under multi-crop,high,2603.20674v1.pdf
PR-SYN-0124,Synthetic Mitigation Practice 0124,soy,14.7,33.6,29.0,54.3,Synthetic soil-carbon note for practice 0124 under soy,medium,2603.20674v1.pdf
PR-SYN-0125,Synthetic Mitigation Practice 0125,cotton,44.6,62.6,15.3,33.5,Synthetic soil-carbon note for practice 0125 under cotton,low,2603.20674v1.pdf
PR-SYN-0126,Synthetic Mitigation Practice 0126,rice,7.3,16.2,19.0,26.4,Synthetic soil-carbon note for practice 0126 under rice,high,2603.20674v1.pdf
PR-SYN-0127,Synthetic Mitigation Practice 0127,sugarcane,9.6,26.8,27.2,53.1,Synthetic soil-carbon note for practice 0127 under sugarcane,medium,2603.20674v1.pdf
PR-SYN-0128,Synthetic Mitigation Practice 0128,wheat,10.6,27.1,27.7,49.6,Synthetic soil-carbon note for practice 0128 under wheat,low,2603.20674v1.pdf
PR-SYN-0129,Synthetic Mitigation Practice 0129,maize,35.3,45.8,25.6,33.9,Synthetic soil-carbon note for practice 0129 under maize,high,2603.20674v1.pdf
PR-SYN-0130,Synthetic Mitigation Practice 0130,multi-crop,32.9,45.1,22.3,33.7,Synthetic soil-carbon note for practice 0130 under multi-crop,medium,2603.20674v1.pdf
PR-SYN-0131,Synthetic Mitigation Practice 0131,soy,20.4,30.7,5.8,32.6,Synthetic soil-carbon note for practice 0131 under soy,low,2603.20674v1.pdf
PR-SYN-0132,Synthetic Mitigation Practice 0132,cotton,31.8,36.8,14.3,42.1,Synthetic soil-carbon note for practice 0132 under cotton,high,2603.20674v1.pdf
PR-SYN-0133,Synthetic Mitigation Practice 0133,rice,8.1,22.5,5.2,22.3,Synthetic soil-carbon note for practice 0133 under rice,medium,2603.20674v1.pdf
PR-SYN-0134,Synthetic Mitigation Practice 0134,sugarcane,25.1,39.2,28.9,41.7,Synthetic soil-carbon note for practice 0134 under sugarcane,low,2603.20674v1.pdf
PR-SYN-0135,Synthetic Mitigation Practice 0135,wheat,43.8,50.9,29.1,53.6,Synthetic soil-carbon note for practice 0135 under wheat,high,2603.20674v1.pdf
PR-SYN-0136,Synthetic Mitigation Practice 0136,maize,,,29.9,52.1,Synthetic soil-carbon note for practice 0136 under maize,medium,2603.20674v1.pdf
PR-SYN-0137,Synthetic Mitigation Practice 0137,multi-crop,33.4,38.9,15.5,44.1,Synthetic soil-carbon note for practice 0137 under multi-crop,low,2603.20674v1.pdf
PR-SYN-0138,Synthetic Mitigation Practice 0138,soy,17.7,32.5,14.8,41.5,Synthetic soil-carbon note for practice 0138 under soy,high,2603.20674v1.pdf
PR-SYN-0139,Synthetic Mitigation Practice 0139,cotton,27.7,47.9,12.8,38.4,Synthetic soil-carbon note for practice 0139 under cotton,medium,2603.20674v1.pdf
PR-SYN-0140,Synthetic Mitigation Practice 0140,rice,29.0,39.5,8.9,26.7,Synthetic soil-carbon note for practice 0140 under rice,low,2603.20674v1.pdf
PR-SYN-0141,Synthetic Mitigation Practice 0141,sugarcane,36.2,44.6,10.9,30.0,Synthetic soil-carbon note for practice 0141 under sugarcane,high,2603.20674v1.pdf
PR-SYN-0142,Synthetic Mitigation Practice 0142,wheat,8.9,23.3,26.0,44.6,Synthetic soil-carbon note for practice 0142 under wheat,medium,2603.20674v1.pdf
PR-SYN-0143,Synthetic Mitigation Practice 0143,maize,40.8,51.0,16.2,37.8,Synthetic soil-carbon note for practice 0143 under maize,low,2603.20674v1.pdf
PR-SYN-0144,Synthetic Mitigation Practice 0144,multi-crop,14.4,32.3,21.0,44.2,Synthetic soil-carbon note for practice 0144 under multi-crop,high,2603.20674v1.pdf
PR-SYN-0145,Synthetic Mitigation Practice 0145,soy,31.0,47.7,6.6,20.0,Synthetic soil-carbon note for practice 0145 under soy,medium,2603.20674v1.pdf
PR-SYN-0146,Synthetic Mitigation Practice 0146,cotton,30.0,50.4,25.5,35.5,Synthetic soil-carbon note for practice 0146 under cotton,low,2603.20674v1.pdf
PR-SYN-0147,Synthetic Mitigation Practice 0147,rice,42.2,55.3,12.2,36.8,Synthetic soil-carbon note for practice 0147 under rice,high,2603.20674v1.pdf
PR-SYN-0148,Synthetic Mitigation Practice 0148,sugarcane,30.8,55.3,29.8,52.0,Synthetic soil-carbon note for practice 0148 under sugarcane,medium,2603.20674v1.pdf
PR-SYN-0149,Synthetic Mitigation Practice 0149,wheat,23.9,29.7,5.3,15.1,Synthetic soil-carbon note for practice 0149 under wheat,low,2603.20674v1.pdf
PR-SYN-0150,Synthetic Mitigation Practice 0150,maize,28.7,42.5,21.3,28.0,Synthetic soil-carbon note for practice 0150 under maize,high,2603.20674v1.pdf
PR-SYN-0151,Synthetic Mitigation Practice 0151,multi-crop,36.6,53.0,16.7,27.2,Synthetic soil-carbon note for practice 0151 under multi-crop,medium,2603.20674v1.pdf
PR-SYN-0152,Synthetic Mitigation Practice 0152,soy,7.9,31.7,18.6,27.5,Synthetic soil-carbon note for practice 0152 under soy,low,2603.20674v1.pdf
PR-SYN-0153,Synthetic Mitigation Practice 0153,cotton,,,15.8,30.7,Synthetic soil-carbon note for practice 0153 under cotton,high,2603.20674v1.pdf
PR-SYN-0154,Synthetic Mitigation Practice 0154,rice,39.7,51.3,15.7,42.8,Synthetic soil-carbon note for practice 0154 under rice,medium,2603.20674v1.pdf
PR-SYN-0155,Synthetic Mitigation Practice 0155,sugarcane,33.0,44.1,16.5,25.0,Synthetic soil-carbon note for practice 0155 under sugarcane,low,2603.20674v1.pdf
PR-SYN-0156,Synthetic Mitigation Practice 0156,wheat,14.8,35.7,21.9,49.6,Synthetic soil-carbon note for practice 0156 under wheat,high,2603.20674v1.pdf
PR-SYN-0157,Synthetic Mitigation Practice 0157,maize,30.5,40.5,16.8,35.8,Synthetic soil-carbon note for practice 0157 under maize,medium,2603.20674v1.pdf
PR-SYN-0158,Synthetic Mitigation Practice 0158,multi-crop,35.6,57.6,5.8,31.3,Synthetic soil-carbon note for practice 0158 under multi-crop,low,2603.20674v1.pdf
PR-SYN-0159,Synthetic Mitigation Practice 0159,soy,42.3,51.7,25.4,48.2,Synthetic soil-carbon note for practice 0159 under soy,high,2603.20674v1.pdf
PR-SYN-0160,Synthetic Mitigation Practice 0160,cotton,36.6,60.9,5.1,23.2,Synthetic soil-carbon note for practice 0160 under cotton,medium,2603.20674v1.pdf
PR-SYN-0161,Synthetic Mitigation Practice 0161,rice,7.0,23.7,17.0,31.4,Synthetic soil-carbon note for practice 0161 under rice,low,2603.20674v1.pdf
PR-SYN-0162,Synthetic Mitigation Practice 0162,sugarcane,27.2,44.0,20.7,43.0,Synthetic soil-carbon note for practice 0162 under sugarcane,high,2603.20674v1.pdf
PR-SYN-0163,Synthetic Mitigation Practice 0163,wheat,42.3,47.5,28.7,38.5,Synthetic soil-carbon note for practice 0163 under wheat,medium,2603.20674v1.pdf
PR-SYN-0164,Synthetic Mitigation Practice 0164,maize,38.7,52.8,5.3,25.4,Synthetic soil-carbon note for practice 0164 under maize,low,2603.20674v1.pdf
PR-SYN-0165,Synthetic Mitigation Practice 0165,multi-crop,19.5,34.4,6.1,31.6,Synthetic soil-carbon note for practice 0165 under multi-crop,high,2603.20674v1.pdf
PR-SYN-0166,Synthetic Mitigation Practice 0166,soy,22.9,30.3,11.8,19.7,Synthetic soil-carbon note for practice 0166 under soy,medium,2603.20674v1.pdf
PR-SYN-0167,Synthetic Mitigation Practice 0167,cotton,42.3,48.1,25.8,37.2,Synthetic soil-carbon note for practice 0167 under cotton,low,2603.20674v1.pdf
PR-SYN-0168,Synthetic Mitigation Practice 0168,rice,20.0,34.4,6.0,23.2,Synthetic soil-carbon note for practice 0168 under rice,high,2603.20674v1.pdf
PR-SYN-0169,Synthetic Mitigation Practice 0169,sugarcane,32.2,46.0,26.2,55.2,Synthetic soil-carbon note for practice 0169 under sugarcane,medium,2603.20674v1.pdf
PR-SYN-0170,Synthetic Mitigation Practice 0170,wheat,,,13.5,33.4,Synthetic soil-carbon note for practice 0170 under wheat,low,2603.20674v1.pdf
PR-SYN-0171,Synthetic Mitigation Practice 0171,maize,13.0,23.8,10.8,36.4,Synthetic soil-carbon note for practice 0171 under maize,high,2603.20674v1.pdf
PR-SYN-0172,Synthetic Mitigation Practice 0172,multi-crop,12.3,37.0,5.2,15.9,Synthetic soil-carbon note for practice 0172 under multi-crop,medium,2603.20674v1.pdf
PR-SYN-0173,Synthetic Mitigation Practice 0173,soy,29.9,47.6,19.2,28.0,Synthetic soil-carbon note for practice 0173 under soy,low,2603.20674v1.pdf
PR-SYN-0174,Synthetic Mitigation Practice 0174,cotton,15.2,20.4,7.1,35.9,Synthetic soil-carbon note for practice 0174 under cotton,high,2603.20674v1.pdf
PR-SYN-0175,Synthetic Mitigation Practice 0175,rice,37.9,48.4,10.1,16.9,Synthetic soil-carbon note for practice 0175 under rice,medium,2603.20674v1.pdf
PR-SYN-0176,Synthetic Mitigation Practice 0176,sugarcane,18.7,36.1,7.5,18.9,Synthetic soil-carbon note for practice 0176 under sugarcane,low,2603.20674v1.pdf
PR-SYN-0177,Synthetic Mitigation Practice 0177,wheat,17.7,30.5,11.8,39.1,Synthetic soil-carbon note for practice 0177 under wheat,high,2603.20674v1.pdf
PR-SYN-0178,Synthetic Mitigation Practice 0178,maize,24.4,44.4,14.1,30.0,Synthetic soil-carbon note for practice 0178 under maize,medium,2603.20674v1.pdf
PR-SYN-0179,Synthetic Mitigation Practice 0179,multi-crop,23.6,48.5,21.6,45.1,Synthetic soil-carbon note for practice 0179 under multi-crop,low,2603.20674v1.pdf
PR-SYN-0180,Synthetic Mitigation Practice 0180,soy,30.0,35.3,29.8,47.1,Synthetic soil-carbon note for practice 0180 under soy,high,2603.20674v1.pdf
PR-SYN-0181,Synthetic Mitigation Practice 0181,cotton,32.3,37.4,9.7,32.5,Synthetic soil-carbon note for practice 0181 under cotton,medium,2603.20674v1.pdf
PR-SYN-0182,Synthetic Mitigation Practice 0182,rice,28.8,36.6,7.9,32.5,Synthetic soil-carbon note for practice 0182 under rice,low,2603.20674v1.pdf
PR-SYN-0183,Synthetic Mitigation Practice 0183,sugarcane,21.9,28.8,22.9,44.6,Synthetic soil-carbon note for practice 0183 under sugarcane,high,2603.20674v1.pdf
PR-SYN-0184,Synthetic Mitigation Practice 0184,wheat,31.5,49.2,28.3,45.0,Synthetic soil-carbon note for practice 0184 under wheat,medium,2603.20674v1.pdf
PR-SYN-0185,Synthetic Mitigation Practice 0185,maize,43.2,55.4,22.1,36.6,Synthetic soil-carbon note for practice 0185 under maize,low,2603.20674v1.pdf
PR-SYN-0186,Synthetic Mitigation Practice 0186,multi-crop,26.5,31.8,8.9,24.8,Synthetic soil-carbon note for practice 0186 under multi-crop,high,2603.20674v1.pdf
PR-SYN-0187,Synthetic Mitigation Practice 0187,soy,,,19.4,43.1,Synthetic soil-carbon note for practice 0187 under soy,medium,2603.20674v1.pdf
PR-SYN-0188,Synthetic Mitigation Practice 0188,cotton,18.6,24.4,8.3,29.5,Synthetic soil-carbon note for practice 0188 under cotton,low,2603.20674v1.pdf
PR-SYN-0189,Synthetic Mitigation Practice 0189,rice,11.4,31.1,24.4,38.5,Synthetic soil-carbon note for practice 0189 under rice,high,2603.20674v1.pdf
PR-SYN-0190,Synthetic Mitigation Practice 0190,sugarcane,30.2,40.4,13.6,23.1,Synthetic soil-carbon note for practice 0190 under sugarcane,medium,2603.20674v1.pdf
PR-SYN-0191,Synthetic Mitigation Practice 0191,wheat,22.4,27.9,17.3,33.8,Synthetic soil-carbon note for practice 0191 under wheat,low,2603.20674v1.pdf
PR-SYN-0192,Synthetic Mitigation Practice 0192,maize,33.1,39.3,17.4,44.8,Synthetic soil-carbon note for practice 0192 under maize,high,2603.20674v1.pdf
PR-SYN-0193,Synthetic Mitigation Practice 0193,multi-crop,19.0,43.6,28.2,34.6,Synthetic soil-carbon note for practice 0193 under multi-crop,medium,2603.20674v1.pdf
PR-SYN-0194,Synthetic Mitigation Practice 0194,soy,24.6,32.6,20.3,44.1,Synthetic soil-carbon note for practice 0194 under soy,low,2603.20674v1.pdf
PR-SYN-0195,Synthetic Mitigation Practice 0195,cotton,13.8,25.4,21.0,38.5,Synthetic soil-carbon note for practice 0195 under cotton,high,2603.20674v1.pdf
PR-SYN-0196,Synthetic Mitigation Practice 0196,rice,6.4,17.3,24.7,46.1,Synthetic soil-carbon note for practice 0196 under rice,medium,2603.20674v1.pdf
PR-SYN-0197,Synthetic Mitigation Practice 0197,sugarcane,29.8,50.1,13.3,33.0,Synthetic soil-carbon note for practice 0197 under sugarcane,low,2603.20674v1.pdf
PR-SYN-0198,Synthetic Mitigation Practice 0198,wheat,14.4,35.4,19.6,36.8,Synthetic soil-carbon note for practice 0198 under wheat,high,2603.20674v1.pdf
PR-SYN-0199,Synthetic Mitigation Practice 0199,maize,38.3,58.3,14.2,37.1,Synthetic soil-carbon note for practice 0199 under maize,medium,2603.20674v1.pdf
PR-SYN-0200,Synthetic Mitigation Practice 0200,multi-crop,27.5,39.6,16.4,24.8,Synthetic soil-carbon note for practice 0200 under multi-crop,low,2603.20674v1.pdf
PR-SYN-0201,Synthetic Mitigation Practice 0201,soy,16.7,29.8,25.6,54.3,Synthetic soil-carbon note for practice 0201 under soy,high,2603.20674v1.pdf
PR-SYN-0202,Synthetic Mitigation Practice 0202,cotton,43.8,60.1,15.8,33.3,Synthetic soil-carbon note for practice 0202 under cotton,medium,2603.20674v1.pdf
PR-SYN-0203,Synthetic Mitigation Practice 0203,rice,21.2,41.9,23.3,50.5,Synthetic soil-carbon note for practice 0203 under rice,low,2603.20674v1.pdf
PR-SYN-0204,Synthetic Mitigation Practice 0204,sugarcane,,,13.9,21.9,Synthetic soil-carbon note for practice 0204 under sugarcane,high,2603.20674v1.pdf
PR-SYN-0205,Synthetic Mitigation Practice 0205,wheat,36.1,52.5,7.9,19.1,Synthetic soil-carbon note for practice 0205 under wheat,medium,2603.20674v1.pdf
PR-SYN-0206,Synthetic Mitigation Practice 0206,maize,10.7,21.9,24.1,31.3,Synthetic soil-carbon note for practice 0206 under maize,low,2603.20674v1.pdf
PR-SYN-0207,Synthetic Mitigation Practice 0207,multi-crop,22.3,30.6,13.9,27.9,Synthetic soil-carbon note for practice 0207 under multi-crop,high,2603.20674v1.pdf
PR-SYN-0208,Synthetic Mitigation Practice 0208,soy,14.2,21.4,8.6,29.7,Synthetic soil-carbon note for practice 0208 under soy,medium,2603.20674v1.pdf
PR-SYN-0209,Synthetic Mitigation Practice 0209,cotton,43.6,51.1,7.6,24.8,Synthetic soil-carbon note for practice 0209 under cotton,low,2603.20674v1.pdf
PR-SYN-0210,Synthetic Mitigation Practice 0210,rice,12.5,37.4,17.0,43.8,Synthetic soil-carbon note for practice 0210 under rice,high,2603.20674v1.pdf
PR-SYN-0211,Synthetic Mitigation Practice 0211,sugarcane,37.6,46.0,11.1,24.8,Synthetic soil-carbon note for practice 0211 under sugarcane,medium,2603.20674v1.pdf
PR-SYN-0212,Synthetic Mitigation Practice 0212,wheat,43.2,61.1,18.6,45.5,Synthetic soil-carbon note for practice 0212 under wheat,low,2603.20674v1.pdf
PR-SYN-0213,Synthetic Mitigation Practice 0213,maize,20.2,26.7,19.1,28.6,Synthetic soil-carbon note for practice 0213 under maize,high,2603.20674v1.pdf
PR-SYN-0214,Synthetic Mitigation Practice 0214,multi-crop,42.0,54.3,28.4,35.9,Synthetic soil-carbon note for practice 0214 under multi-crop,medium,2603.20674v1.pdf
PR-SYN-0215,Synthetic Mitigation Practice 0215,soy,9.1,23.0,25.7,41.7,Synthetic soil-carbon note for practice 0215 under soy,low,2603.20674v1.pdf
PR-SYN-0216,Synthetic Mitigation Practice 0216,cotton,10.1,22.4,7.9,19.0,Synthetic soil-carbon note for practice 0216 under cotton,high,2603.20674v1.pdf
PR-SYN-0217,Synthetic Mitigation Practice 0217,rice,25.3,47.2,5.8,28.2,Synthetic soil-carbon note for practice 0217 under rice,medium,2603.20674v1.pdf
PR-SYN-0218,Synthetic Mitigation Practice 0218,sugarcane,13.6,27.0,6.5,18.9,Synthetic soil-carbon note for practice 0218 under sugarcane,low,2603.20674v1.pdf
PR-SYN-0219,Synthetic Mitigation Practice 0219,wheat,41.3,49.3,29.2,51.6,Synthetic soil-carbon note for practice 0219 under wheat,high,2603.20674v1.pdf
PR-SYN-0220,Synthetic Mitigation Practice 0220,maize,35.8,49.6,10.9,37.5,Synthetic soil-carbon note for practice 0220 under maize,medium,2603.20674v1.pdf
PR-SYN-0221,Synthetic Mitigation Practice 0221,multi-crop,,,10.1,31.1,Synthetic soil-carbon note for practice 0221 under multi-crop,low,2603.20674v1.pdf
PR-SYN-0222,Synthetic Mitigation Practice 0222,soy,14.0,34.7,16.4,26.3,Synthetic soil-carbon note for practice 0222 under soy,high,2603.20674v1.pdf
PR-SYN-0223,Synthetic Mitigation Practice 0223,cotton,15.4,30.8,25.3,34.0,Synthetic soil-carbon note for practice 0223 under cotton,medium,2603.20674v1.pdf
PR-SYN-0224,Synthetic Mitigation Practice 0224,rice,19.0,41.9,21.1,40.6,Synthetic soil-carbon note for practice 0224 under rice,low,2603.20674v1.pdf
PR-SYN-0225,Synthetic Mitigation Practice 0225,sugarcane,38.8,61.9,29.1,46.2,Synthetic soil-carbon note for practice 0225 under sugarcane,high,2603.20674v1.pdf
PR-SYN-0226,Synthetic Mitigation Practice 0226,wheat,9.4,22.5,8.9,23.7,Synthetic soil-carbon note for practice 0226 under wheat,medium,2603.20674v1.pdf
PR-SYN-0227,Synthetic Mitigation Practice 0227,maize,35.1,57.4,6.3,21.6,Synthetic soil-carbon note for practice 0227 under maize,low,2603.20674v1.pdf
PR-SYN-0228,Synthetic Mitigation Practice 0228,multi-crop,13.9,36.1,6.9,18.6,Synthetic soil-carbon note for practice 0228 under multi-crop,high,2603.20674v1.pdf
PR-SYN-0229,Synthetic Mitigation Practice 0229,soy,29.4,49.6,25.4,53.8,Synthetic soil-carbon note for practice 0229 under soy,medium,2603.20674v1.pdf
PR-SYN-0230,Synthetic Mitigation Practice 0230,cotton,16.2,37.2,10.2,18.9,Synthetic soil-carbon note for practice 0230 under cotton,low,2603.20674v1.pdf
PR-SYN-0231,Synthetic Mitigation Practice 0231,rice,44.9,50.3,8.0,13.1,Synthetic soil-carbon note for practice 0231 under rice,high,2603.20674v1.pdf
PR-SYN-0232,Synthetic Mitigation Practice 0232,sugarcane,29.4,51.5,19.2,46.3,Synthetic soil-carbon note for practice 0232 under sugarcane,medium,2603.20674v1.pdf
PR-SYN-0233,Synthetic Mitigation Practice 0233,wheat,13.8,37.1,22.7,33.8,Synthetic soil-carbon note for practice 0233 under wheat,low,2603.20674v1.pdf
PR-SYN-0234,Synthetic Mitigation Practice 0234,maize,38.6,53.6,12.2,19.0,Synthetic soil-carbon note for practice 0234 under maize,high,2603.20674v1.pdf
PR-SYN-0235,Synthetic Mitigation Practice 0235,multi-crop,30.0,46.7,19.9,43.2,Synthetic soil-carbon note for practice 0235 under multi-crop,medium,2603.20674v1.pdf
PR-SYN-0236,Synthetic Mitigation Practice 0236,soy,23.0,44.0,12.8,26.2,Synthetic soil-carbon note for practice 0236 under soy,low,2603.20674v1.pdf
PR-SYN-0237,Synthetic Mitigation Practice 0237,cotton,40.0,57.4,26.1,48.3,Synthetic soil-carbon note for practice 0237 under cotton,high,2603.20674v1.pdf
PR-SYN-0238,Synthetic Mitigation Practice 0238,rice,,,27.7,53.6,Synthetic soil-carbon note for practice 0238 under rice,medium,2603.20674v1.pdf
PR-SYN-0239,Synthetic Mitigation Practice 0239,sugarcane,17.2,40.5,29.4,49.3,Synthetic soil-carbon note for practice 0239 under sugarcane,low,2603.20674v1.pdf
PR-SYN-0240,Synthetic Mitigation Practice 0240,wheat,36.7,59.1,5.7,28.9,Synthetic soil-carbon note for practice 0240 under wheat,high,2603.20674v1.pdf
PR-SYN-0241,Synthetic Mitigation Practice 0241,maize,24.8,45.5,24.9,43.0,Synthetic soil-carbon note for practice 0241 under maize,medium,2603.20674v1.pdf
PR-SYN-0242,Synthetic Mitigation Practice 0242,multi-crop,26.0,40.7,13.8,28.9,Synthetic soil-carbon note for practice 0242 under multi-crop,low,2603.20674v1.pdf
PR-SYN-0243,Synthetic Mitigation Practice 0243,soy,34.1,44.1,24.5,31.3,Synthetic soil-carbon note for practice 0243 under soy,high,2603.20674v1.pdf
PR-SYN-0244,Synthetic Mitigation Practice 0244,cotton,11.2,34.2,7.0,20.4,Synthetic soil-carbon note for practice 0244 under cotton,medium,2603.20674v1.pdf
PR-SYN-0245,Synthetic Mitigation Practice 0245,rice,13.0,19.1,9.5,17.0,Synthetic soil-carbon note for practice 0245 under rice,low,2603.20674v1.pdf
PR-SYN-0246,Synthetic Mitigation Practice 0246,sugarcane,39.6,64.1,28.0,51.7,Synthetic soil-carbon note for practice 0246 under sugarcane,high,2603.20674v1.pdf
PR-SYN-0247,Synthetic Mitigation Practice 0247,wheat,38.1,52.3,12.8,30.1,Synthetic soil-carbon note for practice 0247 under wheat,medium,2603.20674v1.pdf
PR-SYN-0248,Synthetic Mitigation Practice 0248,maize,33.0,42.1,13.6,34.2,Synthetic soil-carbon note for practice 0248 under maize,low,2603.20674v1.pdf
PR-SYN-0249,Synthetic Mitigation Practice 0249,multi-crop,39.0,52.6,10.5,39.2,Synthetic soil-carbon note for practice 0249 under multi-crop,high,2603.20674v1.pdf
PR-SYN-0250,Synthetic Mitigation Practice 0250,soy,36.1,52.0,25.7,44.6,Synthetic soil-carbon note for practice 0250 under soy,medium,2603.20674v1.pdf
PR-SYN-0251,Synthetic Mitigation Practice 0251,cotton,14.4,29.5,22.8,35.9,Synthetic soil-carbon note for practice 0251 under cotton,low,2603.20674v1.pdf
PR-SYN-0252,Synthetic Mitigation Practice 0252,rice,23.0,28.5,24.7,44.3,Synthetic soil-carbon note for practice 0252 under rice,high,2603.20674v1.pdf
PR-SYN-0253,Synthetic Mitigation Practice 0253,sugarcane,6.9,29.5,25.3,44.6,Synthetic soil-carbon note for practice 0253 under sugarcane,medium,2603.20674v1.pdf
PR-SYN-0254,Synthetic Mitigation Practice 0254,wheat,16.2,22.1,15.8,24.8,Synthetic soil-carbon note for practice 0254 under wheat,low,2603.20674v1.pdf
PR-SYN-0255,Synthetic Mitigation Practice 0255,maize,,,28.6,34.0,Synthetic soil-carbon note for practice 0255 under maize,high,2603.20674v1.pdf
PR-SYN-0256,Synthetic Mitigation Practice 0256,multi-crop,26.3,45.5,7.1,34.8,Synthetic soil-carbon note for practice 0256 under multi-crop,medium,2603.20674v1.pdf
PR-SYN-0257,Synthetic Mitigation Practice 0257,soy,40.3,52.7,12.8,41.0,Synthetic soil-carbon note for practice 0257 under soy,low,2603.20674v1.pdf
PR-SYN-0258,Synthetic Mitigation Practice 0258,cotton,7.0,27.3,8.9,21.4,Synthetic soil-carbon note for practice 0258 under cotton,high,2603.20674v1.pdf
PR-SYN-0259,Synthetic Mitigation Practice 0259,rice,13.1,21.9,19.5,41.9,Synthetic soil-carbon note for practice 0259 under rice,medium,2603.20674v1.pdf
PR-SYN-0260,Synthetic Mitigation Practice 0260,sugarcane,24.8,42.5,23.4,31.9,Synthetic soil-carbon note for practice 0260 under sugarcane,low,2603.20674v1.pdf
PR-SYN-0261,Synthetic Mitigation Practice 0261,wheat,11.0,22.3,9.3,36.7,Synthetic soil-carbon note for practice 0261 under wheat,high,2603.20674v1.pdf
PR-SYN-0262,Synthetic Mitigation Practice 0262,maize,8.4,19.2,16.3,24.8,Synthetic soil-carbon note for practice 0262 under maize,medium,2603.20674v1.pdf
PR-SYN-0263,Synthetic Mitigation Practice 0263,multi-crop,24.1,29.4,9.5,32.1,Synthetic soil-carbon note for practice 0263 under multi-crop,low,2603.20674v1.pdf
PR-SYN-0264,Synthetic Mitigation Practice 0264,soy,8.1,20.5,29.5,54.5,Synthetic soil-carbon note for practice 0264 under soy,high,2603.20674v1.pdf
PR-SYN-0265,Synthetic Mitigation Practice 0265,cotton,37.6,44.9,24.4,52.2,Synthetic soil-carbon note for practice 0265 under cotton,medium,2603.20674v1.pdf
PR-SYN-0266,Synthetic Mitigation Practice 0266,rice,41.3,59.1,15.3,22.3,Synthetic soil-carbon note for practice 0266 under rice,low,2603.20674v1.pdf
PR-SYN-0267,Synthetic Mitigation Practice 0267,sugarcane,25.2,36.6,21.4,44.3,Synthetic soil-carbon note for practice 0267 under sugarcane,high,2603.20674v1.pdf
PR-SYN-0268,Synthetic Mitigation Practice 0268,wheat,11.1,23.1,19.9,40.2,Synthetic soil-carbon note for practice 0268 under wheat,medium,2603.20674v1.pdf
PR-SYN-0269,Synthetic Mitigation Practice 0269,maize,10.5,34.2,27.0,55.7,Synthetic soil-carbon note for practice 0269 under maize,low,2603.20674v1.pdf
PR-SYN-0270,Synthetic Mitigation Practice 0270,multi-crop,35.7,42.7,8.5,27.3,Synthetic soil-carbon note for practice 0270 under multi-crop,high,2603.20674v1.pdf
PR-SYN-0271,Synthetic Mitigation Practice 0271,soy,26.9,43.1,24.8,52.9,Synthetic soil-carbon note for practice 0271 under soy,medium,2603.20674v1.pdf
PR-SYN-0272,Synthetic Mitigation Practice 0272,cotton,,,14.1,23.1,Synthetic soil-carbon note for practice 0272 under cotton,low,2603.20674v1.pdf
PR-SYN-0273,Synthetic Mitigation Practice 0273,rice,26.2,41.7,8.3,18.2,Synthetic soil-carbon note for practice 0273 under rice,high,2603.20674v1.pdf
PR-SYN-0274,Synthetic Mitigation Practice 0274,sugarcane,34.9,40.0,24.4,33.7,Synthetic soil-carbon note for practice 0274 under sugarcane,medium,2603.20674v1.pdf
PR-SYN-0275,Synthetic Mitigation Practice 0275,wheat,18.7,35.0,16.5,24.1,Synthetic soil-carbon note for practice 0275 under wheat,low,2603.20674v1.pdf
PR-SYN-0276,Synthetic Mitigation Practice 0276,maize,20.4,35.0,17.1,42.9,Synthetic soil-carbon note for practice 0276 under maize,high,2603.20674v1.pdf
PR-SYN-0277,Synthetic Mitigation Practice 0277,multi-crop,29.0,43.9,16.4,41.4,Synthetic soil-carbon note for practice 0277 under multi-crop,medium,2603.20674v1.pdf
PR-SYN-0278,Synthetic Mitigation Practice 0278,soy,14.8,30.2,10.7,27.3,Synthetic soil-carbon note for practice 0278 under soy,low,2603.20674v1.pdf
PR-SYN-0279,Synthetic Mitigation Practice 0279,cotton,18.9,33.3,23.7,44.7,Synthetic soil-carbon note for practice 0279 under cotton,high,2603.20674v1.pdf
PR-SYN-0280,Synthetic Mitigation Practice 0280,rice,19.9,35.3,11.9,27.3,Synthetic soil-carbon note for practice 0280 under rice,medium,2603.20674v1.pdf
PR-SYN-0281,Synthetic Mitigation Practice 0281,sugarcane,12.2,32.7,19.1,34.1,Synthetic soil-carbon note for practice 0281 under sugarcane,low,2603.20674v1.pdf
PR-SYN-0282,Synthetic Mitigation Practice 0282,wheat,34.5,55.2,9.6,38.0,Synthetic soil-carbon note for practice 0282 under wheat,high,2603.20674v1.pdf
PR-SYN-0283,Synthetic Mitigation Practice 0283,maize,16.9,28.1,7.4,30.3,Synthetic soil-carbon note for practice 0283 under maize,medium,2603.20674v1.pdf
PR-SYN-0284,Synthetic Mitigation Practice 0284,multi-crop,42.2,60.2,7.4,17.7,Synthetic soil-carbon note for practice 0284 under multi-crop,low,2603.20674v1.pdf
PR-SYN-0285,Synthetic Mitigation Practice 0285,soy,27.6,36.1,5.4,18.6,Synthetic soil-carbon note for practice 0285 under soy,high,2603.20674v1.pdf
PR-SYN-0286,Synthetic Mitigation Practice 0286,cotton,28.7,40.6,27.9,35.3,Synthetic soil-carbon note for practice 0286 under cotton,medium,2603.20674v1.pdf
PR-SYN-0287,Synthetic Mitigation Practice 0287,rice,13.4,28.4,12.9,32.3,Synthetic soil-carbon note for practice 0287 under rice,low,2603.20674v1.pdf
PR-SYN-0288,Synthetic Mitigation Practice 0288,sugarcane,36.7,47.6,22.1,42.5,Synthetic soil-carbon note for practice 0288 under sugarcane,high,2603.20674v1.pdf
PR-SYN-0289,Synthetic Mitigation Practice 0289,wheat,,,13.2,34.4,Synthetic soil-carbon note for practice 0289 under wheat,medium,2603.20674v1.pdf
PR-SYN-0290,Synthetic Mitigation Practice 0290,maize,20.1,42.4,23.9,30.7,Synthetic soil-carbon note for practice 0290 under maize,low,2603.20674v1.pdf
PR-SYN-0291,Synthetic Mitigation Practice 0291,multi-crop,5.8,14.9,25.0,53.2,Synthetic soil-carbon note for practice 0291 under multi-crop,high,2603.20674v1.pdf
PR-SYN-0292,Synthetic Mitigation Practice 0292,soy,37.4,46.4,11.9,34.5,Synthetic soil-carbon note for practice 0292 under soy,medium,2603.20674v1.pdf
PR-SYN-0293,Synthetic Mitigation Practice 0293,cotton,25.7,47.4,25.7,39.4,Synthetic soil-carbon note for practice 0293 under cotton,low,2603.20674v1.pdf
PR-SYN-0294,Synthetic Mitigation Practice 0294,rice,31.7,37.7,15.0,26.8,Synthetic soil-carbon note for practice 0294 under rice,high,2603.20674v1.pdf
PR-SYN-0295,Synthetic Mitigation Practice 0295,sugarcane,27.9,50.9,12.2,22.0,Synthetic soil-carbon note for practice 0295 under sugarcane,medium,2603.20674v1.pdf
PR-SYN-0296,Synthetic Mitigation Practice 0296,wheat,20.5,34.1,23.7,42.5,Synthetic soil-carbon note for practice 0296 under wheat,low,2603.20674v1.pdf
PR-SYN-0297,Synthetic Mitigation Practice 0297,maize,15.0,38.8,21.1,34.3,Synthetic soil-carbon note for practice 0297 under maize,high,2603.20674v1.pdf
PR-SYN-0298,Synthetic Mitigation Practice 0298,multi-crop,19.6,37.0,6.9,22.5,Synthetic soil-carbon note for practice 0298 under multi-crop,medium,2603.20674v1.pdf
PR-SYN-0299,Synthetic Mitigation Practice 0299,soy,17.4,33.7,18.3,45.9,Synthetic soil-carbon note for practice 0299 under soy,low,2603.20674v1.pdf
PR-SYN-0300,Synthetic Mitigation Practice 0300,cotton,21.5,28.2,29.5,50.4,Synthetic soil-carbon note for practice 0300 under cotton,high,2603.20674v1.pdf
PR-SYN-0301,Synthetic Mitigation Practice 0301,rice,16.9,32.7,11.4,28.9,Synthetic soil-carbon note for practice 0301 under rice,medium,2603.20674v1.pdf
PR-SYN-0302,Synthetic Mitigation Practice 0302,sugarcane,31.9,44.2,8.2,31.1,Synthetic soil-carbon note for practice 0302 under sugarcane,low,2603.20674v1.pdf
PR-SYN-0303,Synthetic Mitigation Practice 0303,wheat,23.9,33.5,25.8,52.2,Synthetic soil-carbon note for practice 0303 under wheat,high,2603.20674v1.pdf
PR-SYN-0304,Synthetic Mitigation Practice 0304,maize,7.5,23.2,28.9,52.1,Synthetic soil-carbon note for practice 0304 under maize,medium,2603.20674v1.pdf
PR-SYN-0305,Synthetic Mitigation Practice 0305,multi-crop,35.2,41.4,9.3,22.4,Synthetic soil-carbon note for practice 0305 under multi-crop,low,2603.20674v1.pdf
PR-SYN-0306,Synthetic Mitigation Practice 0306,soy,,,22.4,48.8,Synthetic soil-carbon note for practice 0306 under soy,high,2603.20674v1.pdf
PR-SYN-0307,Synthetic Mitigation Practice 0307,cotton,43.9,60.1,25.0,41.9,Synthetic soil-carbon note for practice 0307 under cotton,medium,2603.20674v1.pdf
PR-SYN-0308,Synthetic Mitigation Practice 0308,rice,19.0,42.9,22.6,29.0,Synthetic soil-carbon note for practice 0308 under rice,low,2603.20674v1.pdf
PR-SYN-0309,Synthetic Mitigation Practice 0309,sugarcane,15.9,35.1,12.5,40.3,Synthetic soil-carbon note for practice 0309 under sugarcane,high,2603.20674v1.pdf
PR-SYN-0310,Synthetic Mitigation Practice 0310,wheat,8.6,27.1,16.8,40.8,Synthetic soil-carbon note for practice 0310 under wheat,medium,2603.20674v1.pdf
PR-SYN-0311,Synthetic Mitigation Practice 0311,maize,14.1,31.9,10.3,19.5,Synthetic soil-carbon note for practice 0311 under maize,low,2603.20674v1.pdf
PR-SYN-0312,Synthetic Mitigation Practice 0312,multi-crop,5.8,28.1,17.8,47.7,Synthetic soil-carbon note for practice 0312 under multi-crop,high,2603.20674v1.pdf
PR-SYN-0313,Synthetic Mitigation Practice 0313,soy,23.4,31.1,9.6,23.9,Synthetic soil-carbon note for practice 0313 under soy,medium,2603.20674v1.pdf
PR-SYN-0314,Synthetic Mitigation Practice 0314,cotton,32.3,48.8,16.9,39.0,Synthetic soil-carbon note for practice 0314 under cotton,low,2603.20674v1.pdf
PR-SYN-0315,Synthetic Mitigation Practice 0315,rice,39.1,53.1,13.5,24.7,Synthetic soil-carbon note for practice 0315 under rice,high,2603.20674v1.pdf
PR-SYN-0316,Synthetic Mitigation Practice 0316,sugarcane,34.7,41.8,18.3,35.1,Synthetic soil-carbon note for practice 0316 under sugarcane,medium,2603.20674v1.pdf
PR-SYN-0317,Synthetic Mitigation Practice 0317,wheat,5.9,28.7,16.9,29.4,Synthetic soil-carbon note for practice 0317 under wheat,low,2603.20674v1.pdf
PR-SYN-0318,Synthetic Mitigation Practice 0318,maize,37.4,52.6,12.8,40.2,Synthetic soil-carbon note for practice 0318 under maize,high,2603.20674v1.pdf
PR-SYN-0319,Synthetic Mitigation Practice 0319,multi-crop,17.6,35.9,18.4,31.2,Synthetic soil-carbon note for practice 0319 under multi-crop,medium,2603.20674v1.pdf
PR-SYN-0320,Synthetic Mitigation Practice 0320,soy,38.5,56.5,22.0,40.0,Synthetic soil-carbon note for practice 0320 under soy,low,2603.20674v1.pdf
PR-SYN-0321,Synthetic Mitigation Practice 0321,cotton,36.7,60.8,12.5,32.1,Synthetic soil-carbon note for practice 0321 under cotton,high,2603.20674v1.pdf
PR-SYN-0322,Synthetic Mitigation Practice 0322,rice,33.7,41.7,20.0,30.5,Synthetic soil-carbon note for practice 0322 under rice,medium,2603.20674v1.pdf
PR-SYN-0323,Synthetic Mitigation Practice 0323,sugarcane,,,28.1,43.6,Synthetic soil-carbon note for practice 0323 under sugarcane,low,2603.20674v1.pdf
PR-SYN-0324,Synthetic Mitigation Practice 0324,wheat,25.4,40.2,29.9,59.0,Synthetic soil-carbon note for practice 0324 under wheat,high,2603.20674v1.pdf
PR-SYN-0325,Synthetic Mitigation Practice 0325,maize,31.3,52.7,20.0,34.9,Synthetic soil-carbon note for practice 0325 under maize,medium,2603.20674v1.pdf
PR-SYN-0326,Synthetic Mitigation Practice 0326,multi-crop,16.6,30.2,24.7,37.1,Synthetic soil-carbon note for practice 0326 under multi-crop,low,2603.20674v1.pdf
PR-SYN-0327,Synthetic Mitigation Practice 0327,soy,42.8,61.3,15.8,26.9,Synthetic soil-carbon note for practice 0327 under soy,high,2603.20674v1.pdf
PR-SYN-0328,Synthetic Mitigation Practice 0328,cotton,34.1,55.2,17.6,27.1,Synthetic soil-carbon note for practice 0328 under cotton,medium,2603.20674v1.pdf
PR-SYN-0329,Synthetic Mitigation Practice 0329,rice,13.2,34.1,27.2,40.8,Synthetic soil-carbon note for practice 0329 under rice,low,2603.20674v1.pdf
PR-SYN-0330,Synthetic Mitigation Practice 0330,sugarcane,20.4,40.6,16.7,32.0,Synthetic soil-carbon note for practice 0330 under sugarcane,high,2603.20674v1.pdf
PR-SYN-0331,Synthetic Mitigation Practice 0331,wheat,42.0,65.4,26.8,42.9,Synthetic soil-carbon note for practice 0331 under wheat,medium,2603.20674v1.pdf
PR-SYN-0332,Synthetic Mitigation Practice 0332,maize,25.2,33.8,7.7,34.7,Synthetic soil-carbon note for practice 0332 under maize,low,2603.20674v1.pdf
PR-SYN-0333,Synthetic Mitigation Practice 0333,multi-crop,42.3,63.0,15.3,39.3,Synthetic soil-carbon note for practice 0333 under multi-crop,high,2603.20674v1.pdf
PR-SYN-0334,Synthetic Mitigation Practice 0334,soy,14.1,27.0,25.5,49.8,Synthetic soil-carbon note for practice 0334 under soy,medium,2603.20674v1.pdf
PR-SYN-0335,Synthetic Mitigation Practice 0335,cotton,10.8,27.4,24.9,42.1,Synthetic soil-carbon note for practice 0335 under cotton,low,2603.20674v1.pdf
PR-SYN-0336,Synthetic Mitigation Practice 0336,rice,15.6,23.1,20.6,49.7,Synthetic soil-carbon note for practice 0336 under rice,high,2603.20674v1.pdf
PR-SYN-0337,Synthetic Mitigation Practice 0337,sugarcane,14.2,28.0,10.3,23.3,Synthetic soil-carbon note for practice 0337 under sugarcane,medium,2603.20674v1.pdf
PR-SYN-0338,Synthetic Mitigation Practice 0338,wheat,24.7,31.0,6.5,22.4,Synthetic soil-carbon note for practice 0338 under wheat,low,2603.20674v1.pdf
PR-SYN-0339,Synthetic Mitigation Practice 0339,maize,13.6,33.0,27.9,57.1,Synthetic soil-carbon note for practice 0339 under maize,high,2603.20674v1.pdf
PR-SYN-0340,Synthetic Mitigation Practice 0340,multi-crop,,,29.1,36.7,Synthetic soil-carbon note for practice 0340 under multi-crop,medium,2603.20674v1.pdf
PR-SYN-0341,Synthetic Mitigation Practice 0341,soy,20.0,37.0,13.7,30.8,Synthetic soil-carbon note for practice 0341 under soy,low,2603.20674v1.pdf
PR-SYN-0342,Synthetic Mitigation Practice 0342,cotton,34.7,59.1,7.5,35.6,Synthetic soil-carbon note for practice 0342 under cotton,high,2603.20674v1.pdf
PR-SYN-0343,Synthetic Mitigation Practice 0343,rice,20.2,30.9,7.6,23.3,Synthetic soil-carbon note for practice 0343 under rice,medium,2603.20674v1.pdf
PR-SYN-0344,Synthetic Mitigation Practice 0344,sugarcane,17.0,24.1,13.4,43.1,Synthetic soil-carbon note for practice 0344 under sugarcane,low,2603.20674v1.pdf
PR-SYN-0345,Synthetic Mitigation Practice 0345,wheat,5.1,17.9,19.6,26.5,Synthetic soil-carbon note for practice 0345 under wheat,high,2603.20674v1.pdf
PR-SYN-0346,Synthetic Mitigation Practice 0346,maize,12.7,28.3,14.7,28.3,Synthetic soil-carbon note for practice 0346 under maize,medium,2603.20674v1.pdf
PR-SYN-0347,Synthetic Mitigation Practice 0347,multi-crop,31.4,38.0,16.5,32.8,Synthetic soil-carbon note for practice 0347 under multi-crop,low,2603.20674v1.pdf
PR-SYN-0348,Synthetic Mitigation Practice 0348,soy,6.5,13.4,26.3,33.8,Synthetic soil-carbon note for practice 0348 under soy,high,2603.20674v1.pdf
PR-SYN-0349,Synthetic Mitigation Practice 0349,cotton,34.8,49.2,5.2,14.4,Synthetic soil-carbon note for practice 0349 under cotton,medium,2603.20674v1.pdf
PR-SYN-0350,Synthetic Mitigation Practice 0350,rice,36.8,45.8,18.8,39.3,Synthetic soil-carbon note for practice 0350 under rice,low,2603.20674v1.pdf
PR-SYN-0351,Synthetic Mitigation Practice 0351,sugarcane,37.3,47.4,24.1,52.9,Synthetic soil-carbon note for practice 0351 under sugarcane,high,2603.20674v1.pdf
PR-SYN-0352,Synthetic Mitigation Practice 0352,wheat,9.2,24.2,17.9,43.3,Synthetic soil-carbon note for practice 0352 under wheat,medium,2603.20674v1.pdf
PR-SYN-0353,Synthetic Mitigation Practice 0353,maize,41.3,57.1,14.4,30.7,Synthetic soil-carbon note for practice 0353 under maize,low,2603.20674v1.pdf
PR-SYN-0354,Synthetic Mitigation Practice 0354,multi-crop,7.2,26.5,23.9,51.4,Synthetic soil-carbon note for practice 0354 under multi-crop,high,2603.20674v1.pdf
PR-SYN-0355,Synthetic Mitigation Practice 0355,soy,14.9,37.9,16.3,43.1,Synthetic soil-carbon note for practice 0355 under soy,medium,2603.20674v1.pdf
PR-SYN-0356,Synthetic Mitigation Practice 0356,cotton,37.3,60.0,27.4,35.5,Synthetic soil-carbon note for practice 0356 under cotton,low,2603.20674v1.pdf
PR-SYN-0357,Synthetic Mitigation Practice 0357,rice,,,14.9,28.9,Synthetic soil-carbon note for practice 0357 under rice,high,2603.20674v1.pdf
PR-SYN-0358,Synthetic Mitigation Practice 0358,sugarcane,14.2,36.7,17.2,31.3,Synthetic soil-carbon note for practice 0358 under sugarcane,medium,2603.20674v1.pdf
PR-SYN-0359,Synthetic Mitigation Practice 0359,wheat,11.3,31.9,17.6,35.7,Synthetic soil-carbon note for practice 0359 under wheat,low,2603.20674v1.pdf
PR-SYN-0360,Synthetic Mitigation Practice 0360,maize,14.7,24.2,9.7,16.0,Synthetic soil-carbon note for practice 0360 under maize,high,2603.20674v1.pdf
PR-SYN-0361,Synthetic Mitigation Practice 0361,multi-crop,19.4,31.1,19.2,46.1,Synthetic soil-carbon note for practice 0361 under multi-crop,medium,2603.20674v1.pdf
PR-SYN-0362,Synthetic Mitigation Practice 0362,soy,9.6,30.2,19.2,34.1,Synthetic soil-carbon note for practice 0362 under soy,low,2603.20674v1.pdf
PR-SYN-0363,Synthetic Mitigation Practice 0363,cotton,21.7,42.9,22.9,38.6,Synthetic soil-carbon note for practice 0363 under cotton,high,2603.20674v1.pdf
PR-SYN-0364,Synthetic Mitigation Practice 0364,rice,15.1,30.1,20.0,40.4,Synthetic soil-carbon note for practice 0364 under rice,medium,2603.20674v1.pdf
PR-SYN-0365,Synthetic Mitigation Practice 0365,sugarcane,8.8,27.0,24.7,39.8,Synthetic soil-carbon note for practice 0365 under sugarcane,low,2603.20674v1.pdf
PR-SYN-0366,Synthetic Mitigation Practice 0366,wheat,24.4,48.7,24.9,45.3,Synthetic soil-carbon note for practice 0366 under wheat,high,2603.20674v1.pdf
PR-SYN-0367,Synthetic Mitigation Practice 0367,maize,19.5,40.7,15.6,39.1,Synthetic soil-carbon note for practice 0367 under maize,medium,2603.20674v1.pdf
PR-SYN-0368,Synthetic Mitigation Practice 0368,multi-crop,24.4,43.6,8.6,25.9,Synthetic soil-carbon note for practice 0368 under multi-crop,low,2603.20674v1.pdf
PR-SYN-0369,Synthetic Mitigation Practice 0369,soy,30.0,41.9,20.0,25.5,Synthetic soil-carbon note for practice 0369 under soy,high,2603.20674v1.pdf
PR-SYN-0370,Synthetic Mitigation Practice 0370,cotton,45.0,52.6,12.2,17.5,Synthetic soil-carbon note for practice 0370 under cotton,medium,2603.20674v1.pdf
PR-SYN-0371,Synthetic Mitigation Practice 0371,rice,14.8,35.6,7.3,19.4,Synthetic soil-carbon note for practice 0371 under rice,low,2603.20674v1.pdf
PR-SYN-0372,Synthetic Mitigation Practice 0372,sugarcane,10.4,30.4,26.3,32.9,Synthetic soil-carbon note for practice 0372 under sugarcane,high,2603.20674v1.pdf
PR-SYN-0373,Synthetic Mitigation Practice 0373,wheat,9.0,23.8,8.8,34.9,Synthetic soil-carbon note for practice 0373 under wheat,medium,2603.20674v1.pdf
PR-SYN-0374,Synthetic Mitigation Practice 0374,maize,,,19.9,36.0,Synthetic soil-carbon note for practice 0374 under maize,low,2603.20674v1.pdf
PR-SYN-0375,Synthetic Mitigation Practice 0375,multi-crop,20.1,31.3,20.8,45.1,Synthetic soil-carbon note for practice 0375 under multi-crop,high,2603.20674v1.pdf
PR-SYN-0376,Synthetic Mitigation Practice 0376,soy,15.2,35.5,27.1,32.4,Synthetic soil-carbon note for practice 0376 under soy,medium,2603.20674v1.pdf
PR-SYN-0377,Synthetic Mitigation Practice 0377,cotton,25.2,44.5,5.8,29.3,Synthetic soil-carbon note for practice 0377 under cotton,low,2603.20674v1.pdf
PR-SYN-0378,Synthetic Mitigation Practice 0378,rice,20.2,27.0,10.1,28.9,Synthetic soil-carbon note for practice 0378 under rice,high,2603.20674v1.pdf
PR-SYN-0379,Synthetic Mitigation Practice 0379,sugarcane,29.6,47.9,24.1,32.7,Synthetic soil-carbon note for practice 0379 under sugarcane,medium,2603.20674v1.pdf
PR-SYN-0380,Synthetic Mitigation Practice 0380,wheat,35.1,43.1,5.6,24.5,Synthetic soil-carbon note for practice 0380 under wheat,low,2603.20674v1.pdf
PR-SYN-0381,Synthetic Mitigation Practice 0381,maize,7.5,25.3,29.8,43.4,Synthetic soil-carbon note for practice 0381 under maize,high,2603.20674v1.pdf
PR-SYN-0382,Synthetic Mitigation Practice 0382,multi-crop,27.1,39.1,24.6,36.3,Synthetic soil-carbon note for practice 0382 under multi-crop,medium,2603.20674v1.pdf
PR-SYN-0383,Synthetic Mitigation Practice 0383,soy,29.4,40.7,16.4,34.1,Synthetic soil-carbon note for practice 0383 under soy,low,2603.20674v1.pdf
PR-SYN-0384,Synthetic Mitigation Practice 0384,cotton,21.9,35.7,28.0,50.8,Synthetic soil-carbon note for practice 0384 under cotton,high,2603.20674v1.pdf
PR-SYN-0385,Synthetic Mitigation Practice 0385,rice,29.5,52.3,27.1,40.2,Synthetic soil-carbon note for practice 0385 under rice,medium,2603.20674v1.pdf
PR-SYN-0386,Synthetic Mitigation Practice 0386,sugarcane,7.5,18.2,25.4,44.6,Synthetic soil-carbon note for practice 0386 under sugarcane,low,2603.20674v1.pdf
PR-SYN-0387,Synthetic Mitigation Practice 0387,wheat,44.7,59.3,14.7,42.9,Synthetic soil-carbon note for practice 0387 under wheat,high,2603.20674v1.pdf
PR-SYN-0388,Synthetic Mitigation Practice 0388,maize,24.5,41.1,8.1,37.0,Synthetic soil-carbon note for practice 0388 under maize,medium,2603.20674v1.pdf
PR-SYN-0389,Synthetic Mitigation Practice 0389,multi-crop,20.3,32.0,6.2,27.9,Synthetic soil-carbon note for practice 0389 under multi-crop,low,2603.20674v1.pdf
PR-SYN-0390,Synthetic Mitigation Practice 0390,soy,10.9,31.6,28.2,55.8,Synthetic soil-carbon note for practice 0390 under soy,high,2603.20674v1.pdf
PR-SYN-0391,Synthetic Mitigation Practice 0391,cotton,,,14.9,29.0,Synthetic soil-carbon note for practice 0391 under cotton,medium,2603.20674v1.pdf
PR-SYN-0392,Synthetic Mitigation Practice 0392,rice,41.9,61.6,10.6,37.9,Synthetic soil-carbon note for practice 0392 under rice,low,2603.20674v1.pdf
PR-SYN-0393,Synthetic Mitigation Practice 0393,sugarcane,15.6,33.9,10.6,31.3,Synthetic soil-carbon note for practice 0393 under sugarcane,high,2603.20674v1.pdf
PR-SYN-0394,Synthetic Mitigation Practice 0394,wheat,37.4,46.1,29.0,35.3,Synthetic soil-carbon note for practice 0394 under wheat,medium,2603.20674v1.pdf
PR-SYN-0395,Synthetic Mitigation Practice 0395,maize,40.9,46.1,7.8,19.2,Synthetic soil-carbon note for practice 0395 under maize,low,2603.20674v1.pdf
PR-SYN-0396,Synthetic Mitigation Practice 0396,multi-crop,41.9,57.2,20.0,38.2,Synthetic soil-carbon note for practice 0396 under multi-crop,high,2603.20674v1.pdf
